GL_Gene,GL_Abxclass,GL_Allele
OqxB,Flq,OqxB_49
VanTc,Gly,VanTc3_534
VanTc,Gly,VanTc4_535
VanT,Gly,VanT_1054
VanT,Gly,VanTc_1055
HugA,Bla,HugA_1172
MECA,Bla,MECA_1491
OtrA,Tet,OtrA_1687
TetQ,Tet,TetQ_345
TetB-P,Tet,TetB-P_640
TetT,Tet,TetT_1056
TetS,Tet,TetS_1454
Tet-36,Tet,Tet-36_830
Tet-44,Tet,Tet-44_829
Tet-32,Tet,Tet-32_832
TetM,Tet,TetM_831
TetO,Tet,TetO_834
TetW,Tet,TetW_833
MrdA,Bla,MrdA_836
PenA,Bla,PenA_835
OleB,MLS,OleB_838
OtrB,Tet,OtrB_837
VgaB,MLS,VgaB_579
CarA,MLS,CarA_580
SrmB,MLS,SrmB_581
TlrC,MLS,TlrC_582
Rif,Rif,Rif_575
TlrC2,MLS,TlrC_576
VgaD,MLS,VgaD_577
VgaE,MLS,VgaE_578
VgaA,MLS,VgaA_583
VgaA,MLS,Vgaa-LC_584
Tet-43,Tet,Tet-43_585
TetH,Tet,TetH_302
Tcr-3,Tet,Tcr-3_301
QepA,Flq,QepA_299
QepA,Flq,QepA2_300
LsaA,MLS,LsaA_298
LsaB,MLS,LsaB_306
LsaC,MLS,LsaC_305
MsrC,MLS,MsrC_304
MsrE,MLS,MsrE_303
MsrA,MLS,MsrA_297
MsrD,MLS,MsrD_296
LmrA,MLS,LmrA_1685
Aac6-Aph2,AGly,Aac6-Aph2_1686
FexA,Phe,FexA_1675
AacAad,AGly,Aac6-31_1676
AacAad,AGly,Aac6-Ib_1677
AacAad,AGly,AacA4_1679
AacAad,AGly,AadA10_1680
AacAad,AGly,AadA16_1681
AacAad,AGly,AadA6_1682
AacAad,AGly,AadA7_1683
AacAad,AGly,Ant3''Ih-Aac6-IId_1684
AacAad,AGly,Aac6Ib-cr_1678
TetK,Tet,TetK_1673
TetL,Tet,TetL_1674
Tet-38,Tet,Tet-38_1671
VanS-B,Gly,VanS-B_1672
CmlV,Phe,CmlV_1669
AmpC1,Bla,AmpC1_1670
Tet-42,Tet,Tet-42_1543
BlaA2,Bla,BlaA2_1542
TetA,Tet,TetA_1545
TetA-P,Tet,TetA-P_1544
EreB,MLS,EreB_1539
CmlA,Phe,CmlA1_1537
CmlA,Phe,CmlA5_1538
TetV,Tet,TetV_1541
AmpS,Bla,AmpS_1540
PexA,Phe,PexA_1536
Tet-31,Tet,Tet-31_1535
MefB,MLS,MefB_1203
Tet-33,Tet,Tet-33_1204
EreA,MLS,EreA_839
Tet-40,Tet,Tet-40_1546
MefA,MLS,MefA_1210
TetE,Tet,TetE_1211
FloR,Phe,FloR_1212
TetB,Tet,TetB_1213
TetJ,Tet,TetJ_1057
TetC,Tet,TetC_1051
Dha1,Phe,Dha1_1050
Tet-39,Tet,Tet-39_1049
Tet-30,Tet,Tet-30_1048
TetD,Tet,TetD_1047
Tet-41,Tet,Tet-41_1046
Cml,Phe,Cml_1045
OqxA,Flq,OqxA_1044
CmrA,Phe,CmrA_1053
Cmr,Phe,Cmr_1052
TetG,Tet,TetG_632
TetY,Tet,TetY_633
ACC-1,Bla,ACC-1_621
ACC-1,Bla,ACC-2_622
ACC-1,Bla,ACC-3_623
ACC-1,Bla,ACC-4_624
OCH-2,Bla,OCH-2_625
OCH-2,Bla,OCH-3_626
OCH-2,Bla,OCH-4_627
OCH-2,Bla,OCH-5_628
OCH-2,Bla,OCH-6_629
OCH-2,Bla,OCH-7_630
OCH-2,Bla,OCH-8_631
NorA,Flq,NorA_638
TetX,Tet,TetX_639
AmpH,Bla,AmpH_634
VanS-A,Gly,VanS-A_635
VanS-A,Gly,VanS-Pt_637
VanS-A,Gly,VanS-Pt2_636
Erm38,MLS,Erm38_614
AMPH,Bla,AMPH_615
TetZ,Tet,TetZ_368
CMY-MOX,Bla,CMY-1_362
CMY-MOX,Bla,CMY-10_365
CMY-MOX,Bla,CMY-11_366
CMY-MOX,Bla,CMY-19_367
CMY-MOX,Bla,CMY-8_363
CMY-MOX,Bla,CMY-9_364
CMY-MOX,Bla,MOX-1_355
CMY-MOX,Bla,MOX-2_356
CMY-MOX,Bla,MOX-3_357
CMY-MOX,Bla,MOX-4_358
CMY-MOX,Bla,MOX-5_359
CMY-MOX,Bla,MOX-6_360
CMY-MOX,Bla,MOX-7_361
CMY,Bla,BIL-1_372
CMY,Bla,CFE-1_371
CMY,Bla,CMY-104_451
CMY,Bla,CMY-12_378
CMY,Bla,CMY-13_379
CMY,Bla,CMY-14_380
CMY,Bla,CMY-15_381
CMY,Bla,CMY-16_382
CMY,Bla,CMY-17_383
CMY,Bla,CMY-18_384
CMY,Bla,CMY-2_373
CMY,Bla,CMY-20_385
CMY,Bla,CMY-21_386
CMY,Bla,CMY-22_387
CMY,Bla,CMY-23_388
CMY,Bla,CMY-24_389
CMY,Bla,CMY-25_390
CMY,Bla,CMY-26_391
CMY,Bla,CMY-27_392
CMY,Bla,CMY-28_393
CMY,Bla,CMY-29_394
CMY,Bla,CMY-30_395
CMY,Bla,CMY-31_396
CMY,Bla,CMY-32_397
CMY,Bla,CMY-33_398
CMY,Bla,CMY-34_399
CMY,Bla,CMY-35_400
CMY,Bla,CMY-36_401
CMY,Bla,CMY-37_402
CMY,Bla,CMY-38_403
CMY,Bla,CMY-39_404
CMY,Bla,CMY-4_374
CMY,Bla,CMY-40_405
CMY,Bla,CMY-41_406
CMY,Bla,CMY-42_407
CMY,Bla,CMY-43_408
CMY,Bla,CMY-44_409
CMY,Bla,CMY-45_410
CMY,Bla,CMY-46_411
CMY,Bla,CMY-47_412
CMY,Bla,CMY-48_413
CMY,Bla,CMY-49_414
CMY,Bla,CMY-5_375
CMY,Bla,CMY-50_415
CMY,Bla,CMY-51_416
CMY,Bla,CMY-53_417
CMY,Bla,CMY-54_418
CMY,Bla,CMY-55_419
CMY,Bla,CMY-56_420
CMY,Bla,CMY-57_421
CMY,Bla,CMY-58_422
CMY,Bla,CMY-6_376
CMY,Bla,CMY-60_424
CMY,Bla,CMY-61_425
CMY,Bla,CMY-62_426
CMY,Bla,CMY-63_427
CMY,Bla,CMY-64_428
CMY,Bla,CMY-65_429
CMY,Bla,CMY-66_430
CMY,Bla,CMY-67_431
CMY,Bla,CMY-68_432
CMY,Bla,CMY-69_433
CMY,Bla,CMY-7_377
CMY,Bla,CMY-70_434
CMY,Bla,CMY-71_435
CMY,Bla,CMY-72_436
CMY,Bla,CMY-73_437
CMY,Bla,CMY-74_438
CMY,Bla,CMY-75_439
CMY,Bla,CMY-76_440
CMY,Bla,CMY-77_441
CMY,Bla,CMY-78_442
CMY,Bla,CMY-79_443
CMY,Bla,CMY-80_444
CMY,Bla,CMY-81_445
CMY,Bla,CMY-83_446
CMY,Bla,CMY-84_447
CMY,Bla,CMY-87_448
CMY,Bla,CMY-94_449
CMY,Bla,CMY-95_450
CMY,Bla,LAT-1_370
TRU-1,Bla,TRU-1_369
FOX-1,Bla,FOX-1_453
FOX-1,Bla,FOX-10_462
FOX-1,Bla,FOX-2_454
FOX-1,Bla,FOX-3_455
FOX-1,Bla,FOX-4_456
FOX-1,Bla,FOX-5_457
FOX-1,Bla,FOX-6_458
FOX-1,Bla,FOX-7_459
FOX-1,Bla,FOX-8_460
FOX-1,Bla,FOX-9_461
AmpC,Bla,AmpC_452
ACT-MIR,Bla,ACT-1_464
ACT-MIR,Bla,ACT-10_473
ACT-MIR,Bla,ACT-12_474
ACT-MIR,Bla,ACT-14_475
ACT-MIR,Bla,ACT-15_476
ACT-MIR,Bla,ACT-16_477
ACT-MIR,Bla,ACT-2_465
ACT-MIR,Bla,ACT-3_466
ACT-MIR,Bla,ACT-4_467
ACT-MIR,Bla,ACT-5_468
ACT-MIR,Bla,ACT-6_469
ACT-MIR,Bla,ACT-7_470
ACT-MIR,Bla,ACT-8_471
ACT-MIR,Bla,ACT-9_472
ACT-MIR,Bla,CMG_484
ACT-MIR,Bla,MIR-1_478
ACT-MIR,Bla,MIR-2_479
ACT-MIR,Bla,MIR-3_480
ACT-MIR,Bla,MIR-4_481
ACT-MIR,Bla,MIR-6_482
ACT-MIR,Bla,MIR-8_483
ACT-MIR,Bla,ZEG-1_485
VanS-D,Gly,VanS-D_463
DHA,Bla,DHA-1_349
DHA,Bla,DHA-2_350
DHA,Bla,DHA-3_351
DHA,Bla,DHA-5_352
DHA,Bla,DHA-6_353
DHA,Bla,DHA-7_354
DHA,Bla,MOR_347
DHA,Bla,Mor-2_348
AmpC2,Bla,AmpC2_346
VanS-M,Gly,VanS-M_290
ErmE,MLS,ErmE_291
Tet-35,Tet,Tet-35_288
VanTr-L,Gly,VanTr-L_289
VanS-F,Gly,VanS-F_294
VanS-L,Gly,VanS-L_295
VanS-C,Gly,VanS-C_292
VanY-D,Gly,VanY-D_293
VanSc,Gly,VanSc3_285
VanSc,Gly,VanSc4_286
VanE,Gly,VanE_287
VanH,Gly,VanH_1556
VanH,Gly,VanH-Ac2_1558
VanH,Gly,VanH-Ao1_1559
VanH,Gly,VanH-Ao2_1560
OtrC,Tet,OtrC_1555
VanC2-4,Gly,VanC2-3_1564
VanC2-4,Gly,VanC2_1565
VanC2-4,Gly,VanC3_1566
VanC2-4,Gly,VanC4_1563
VanL,Gly,VanA-L_1562
CfrA,MLS,CfrA_1548
VanA-Ao2,Gly,VanA-Ao2_1547
VanC1,Gly,VanC_1553
VanC1,Gly,VanC1_1554
VanA,Gly,VanA-A_1550
VanA,Gly,VanA-M_1551
VanA,Gly,VanHA-Bc_1552
VanA-D,Gly,VanA-D_1568
VanAE-Pp,Gly,VanAE-Pp_1567
VanB,Gly,VanA-B_1059
VanB,Gly,VanB_1058
VanB,Gly,VanB_1060
Aph4-Ia,AGly,Aph4-Ia_1061
ErmR,MLS,ErmR_1062
BlaA1,Bla,BlaA1_1063
Erm30,MLS,Erm30_1064
Aac3-Ib,AGly,Aac3-Ib_1065
Aac3-Ib,AGly,Aac3-Ib-Aac6-Ib_1066
Aac3-Ib,AGly,Aac3-If_1067
Aph4-Ib,AGly,Aph4-Ib_1068
Aph9-Ia,AGly,Aph9-Ia_1069
CfxA,Bla,CfxA_1070
CfxA,Bla,CfxA2_1071
CfxA,Bla,CfxA4_1073
CfxA,Bla,CfxA5_1074
CfxA,Bla,CfxA6_1075
VanTm-L,Gly,VanTm-L_1076
CphA1,Bla,CphA1_556
VanH-M,Gly,VanH-E_555
VanH-M,Gly,VanH-M_554
OleC,MLS,OleC_553
VanH-B,Gly,VanH-B_552
VanH-D,Gly,VanH-D_572
VanH-Pt,Gly,VanH-A_571
VanH-Pt,Gly,VanH-Pt_569
VanH-Pt,Gly,VanH-Pt2_570
Erm31,MLS,Erm31_568
CARB,Bla,CARB-1_558
CARB,Bla,CARB-11_566
CARB,Bla,CARB-2_559
CARB,Bla,CARB-3_560
CARB,Bla,CARB-4_561
CARB,Bla,CARB-6_562
CARB,Bla,CARB-7_563
CARB,Bla,CARB-9_565
CARB,Bla,PSE-4_557
Zn-dependent hydrolase,Bla,Zn-dependent hydrolase_574
ErmS,MLS,ErmS_573
ErmW,MLS,ErmW_548
AST-1,Bla,AST-1_549
PME-1,Bla,PME-1_541
PER-1,Bla,PER-1_542
PER-1,Bla,PER-2_543
PER-1,Bla,PER-3_544
PER-1,Bla,PER-4_545
PER-1,Bla,PER-5_546
PER-1,Bla,PER-7_547
PER-6,Bla,PER-6_539
Aph6-Ia,AGly,Aph6-Ia_540
Aph-Ib,AGly,Aph6-Ib_536
Aph-Ib,AGly,Aph9-Ib_537
CphA2,Bla,CphA2_538
Aph2''Ic,AGly,Aph2''Ic_550
ROB-1,Bla,ROB-1_551
AER-1,Bla,AER-1_1631
AIM-1,Bla,AIM-1_1630
VanY-A,Gly,VanY-A_1634
VanY-A,Gly,VanY-Pt_1636
VanY-A,Gly,VanY-Pt2_1635
Ant6-Ia,AGly,Ant6-Ia_1633
MphB,MLS,MphB_1639
Aph2''I,AGly,Aph2''Id_1637
Aph2''I,AGly,Aph2''Ie_1638
TLA-1,Bla,TLA-1_1641
Erm42,MLS,Erm42_1640
MphA,MLS,MphA_1663
CTX-M-2,Bla,CTX-M-124_1661
CTX-M-2,Bla,CTX-M-131_1662
CTX-M-2,Bla,CTX-M-2_1642
CTX-M-2,Bla,CTX-M-20_1647
CTX-M-2,Bla,CTX-M-31_1648
CTX-M-2,Bla,CTX-M-35_1649
CTX-M-2,Bla,CTX-M-4_1643
CTX-M-2,Bla,CTX-M-43_1650
CTX-M-2,Bla,CTX-M-44_1651
CTX-M-2,Bla,CTX-M-5_1644
CTX-M-2,Bla,CTX-M-56_1652
CTX-M-2,Bla,CTX-M-59_1653
CTX-M-2,Bla,CTX-M-6_1645
CTX-M-2,Bla,CTX-M-7_1646
CTX-M-2,Bla,CTX-M-74_1654
CTX-M-2,Bla,CTX-M-75_1655
CTX-M-2,Bla,CTX-M-76_1656
CTX-M-2,Bla,CTX-M-77_1657
CTX-M-2,Bla,CTX-M-92_1658
CTX-M-2,Bla,CTX-M-95_1659
CTX-M-2,Bla,CTX-M-97_1660
MAL-CKO,Bla,CKO-1_1446
MAL-CKO,Bla,MAL-1_1445
CEPA-85,Bla,CEPA-29_1451
CEPA-85,Bla,CEPA-29_1450
CEPA-85,Bla,CEPA-44_1449
CEPA-85,Bla,CEPA-49_1448
Aac3-VIa,AGly,Aac3-VIa_1452
Aph2-Ib,AGly,Aph2-Ib_1453
SHV-OKP-LEN,Bla,LEN-1_1410
SHV-OKP-LEN,Bla,LEN-10_1419
SHV-OKP-LEN,Bla,LEN-11_1420
SHV-OKP-LEN,Bla,LEN-12_1421
SHV-OKP-LEN,Bla,LEN-13_1422
SHV-OKP-LEN,Bla,LEN-15_1424
SHV-OKP-LEN,Bla,LEN-16_1425
SHV-OKP-LEN,Bla,LEN-17_1426
SHV-OKP-LEN,Bla,LEN-18_1427
SHV-OKP-LEN,Bla,LEN-19_1428
SHV-OKP-LEN,Bla,LEN-2_1411
SHV-OKP-LEN,Bla,LEN-20_1429
SHV-OKP-LEN,Bla,LEN-21_1430
SHV-OKP-LEN,Bla,LEN-22_1431
SHV-OKP-LEN,Bla,LEN-23_1432
SHV-OKP-LEN,Bla,LEN-24_1433
SHV-OKP-LEN,Bla,LEN-25_1434
SHV-OKP-LEN,Bla,LEN-3_1412
SHV-OKP-LEN,Bla,LEN-4_1413
SHV-OKP-LEN,Bla,LEN-5_1414
SHV-OKP-LEN,Bla,LEN-6_1415
SHV-OKP-LEN,Bla,LEN-7_1416
SHV-OKP-LEN,Bla,LEN-8_1417
SHV-OKP-LEN,Bla,LEN-9_1418
SHV-OKP-LEN,Bla,OKP-A-1_1243
SHV-OKP-LEN,Bla,OKP-A-10_1252
SHV-OKP-LEN,Bla,OKP-A-11_1253
SHV-OKP-LEN,Bla,OKP-A-12_1254
SHV-OKP-LEN,Bla,OKP-A-13_1255
SHV-OKP-LEN,Bla,OKP-A-14_1256
SHV-OKP-LEN,Bla,OKP-A-15_1257
SHV-OKP-LEN,Bla,OKP-A-16_1258
SHV-OKP-LEN,Bla,OKP-A-2_1244
SHV-OKP-LEN,Bla,OKP-A-3_1245
SHV-OKP-LEN,Bla,OKP-A-4_1246
SHV-OKP-LEN,Bla,OKP-A-5_1247
SHV-OKP-LEN,Bla,OKP-A-6_1248
SHV-OKP-LEN,Bla,OKP-A-7_1249
SHV-OKP-LEN,Bla,OKP-A-8_1250
SHV-OKP-LEN,Bla,OKP-A-9_1251
SHV-OKP-LEN,Bla,OKP-B-1_1259
SHV-OKP-LEN,Bla,OKP-B-10_1268
SHV-OKP-LEN,Bla,OKP-B-11_1269
SHV-OKP-LEN,Bla,OKP-B-12_1270
SHV-OKP-LEN,Bla,OKP-B-13_1271
SHV-OKP-LEN,Bla,OKP-B-14_1272
SHV-OKP-LEN,Bla,OKP-B-15_1273
SHV-OKP-LEN,Bla,OKP-B-16_1274
SHV-OKP-LEN,Bla,OKP-B-17_1275
SHV-OKP-LEN,Bla,OKP-B-18_1276
SHV-OKP-LEN,Bla,OKP-B-19_1277
SHV-OKP-LEN,Bla,OKP-B-2_1260
SHV-OKP-LEN,Bla,OKP-B-20_1278
SHV-OKP-LEN,Bla,OKP-B-3_1261
SHV-OKP-LEN,Bla,OKP-B-4_1262
SHV-OKP-LEN,Bla,OKP-B-5_1263
SHV-OKP-LEN,Bla,OKP-B-6_1264
SHV-OKP-LEN,Bla,OKP-B-7_1265
SHV-OKP-LEN,Bla,OKP-B-8_1266
SHV-OKP-LEN,Bla,OKP-B-9_1267
SHV-OKP-LEN,Bla,SHV-1_1279
SHV-OKP-LEN,Bla,SHV-100_1362
SHV-OKP-LEN,Bla,SHV-101_1363
SHV-OKP-LEN,Bla,SHV-102_1364
SHV-OKP-LEN,Bla,SHV-103_1365
SHV-OKP-LEN,Bla,SHV-104_1366
SHV-OKP-LEN,Bla,SHV-105_1367
SHV-OKP-LEN,Bla,SHV-106_1368
SHV-OKP-LEN,Bla,SHV-107_1369
SHV-OKP-LEN,Bla,SHV-108_1370
SHV-OKP-LEN,Bla,SHV-109_1371
SHV-OKP-LEN,Bla,SHV-11_1287
SHV-OKP-LEN,Bla,SHV-110_1372
SHV-OKP-LEN,Bla,SHV-12_1288
SHV-OKP-LEN,Bla,SHV-120_1373
SHV-OKP-LEN,Bla,SHV-121_1374
SHV-OKP-LEN,Bla,SHV-122_1375
SHV-OKP-LEN,Bla,SHV-128_1376
SHV-OKP-LEN,Bla,SHV-13_1289
SHV-OKP-LEN,Bla,SHV-132_1378
SHV-OKP-LEN,Bla,SHV-133_1379
SHV-OKP-LEN,Bla,SHV-134_1380
SHV-OKP-LEN,Bla,SHV-135_1381
SHV-OKP-LEN,Bla,SHV-137_1383
SHV-OKP-LEN,Bla,SHV-14_1290
SHV-OKP-LEN,Bla,SHV-140_1384
SHV-OKP-LEN,Bla,SHV-141_1385
SHV-OKP-LEN,Bla,SHV-142_1386
SHV-OKP-LEN,Bla,SHV-143_1387
SHV-OKP-LEN,Bla,SHV-144_1388
SHV-OKP-LEN,Bla,SHV-145_1389
SHV-OKP-LEN,Bla,SHV-147_1390
SHV-OKP-LEN,Bla,SHV-148_1391
SHV-OKP-LEN,Bla,SHV-149_1392
SHV-OKP-LEN,Bla,SHV-15_1291
SHV-OKP-LEN,Bla,SHV-150_1393
SHV-OKP-LEN,Bla,SHV-151_1394
SHV-OKP-LEN,Bla,SHV-152_1395
SHV-OKP-LEN,Bla,SHV-153_1396
SHV-OKP-LEN,Bla,SHV-154_1397
SHV-OKP-LEN,Bla,SHV-155_1398
SHV-OKP-LEN,Bla,SHV-156_1399
SHV-OKP-LEN,Bla,SHV-157_1400
SHV-OKP-LEN,Bla,SHV-158_1401
SHV-OKP-LEN,Bla,SHV-159_1402
SHV-OKP-LEN,Bla,SHV-16_1292
SHV-OKP-LEN,Bla,SHV-160_1403
SHV-OKP-LEN,Bla,SHV-161_1404
SHV-OKP-LEN,Bla,SHV-162_1405
SHV-OKP-LEN,Bla,SHV-163_1406
SHV-OKP-LEN,Bla,SHV-165_1407
SHV-OKP-LEN,Bla,SHV-167_1408
SHV-OKP-LEN,Bla,SHV-168_1409
SHV-OKP-LEN,Bla,SHV-18_1293
SHV-OKP-LEN,Bla,SHV-2_1280
SHV-OKP-LEN,Bla,SHV-24_1294
SHV-OKP-LEN,Bla,SHV-25_1295
SHV-OKP-LEN,Bla,SHV-26_1296
SHV-OKP-LEN,Bla,SHV-27_1297
SHV-OKP-LEN,Bla,SHV-28_1298
SHV-OKP-LEN,Bla,SHV-29_1299
SHV-OKP-LEN,Bla,SHV-2a_1282
SHV-OKP-LEN,Bla,SHV-30_1300
SHV-OKP-LEN,Bla,SHV-31_1301
SHV-OKP-LEN,Bla,SHV-32_1302
SHV-OKP-LEN,Bla,SHV-33_1303
SHV-OKP-LEN,Bla,SHV-34_1304
SHV-OKP-LEN,Bla,SHV-35_1305
SHV-OKP-LEN,Bla,SHV-36_1306
SHV-OKP-LEN,Bla,SHV-37_1307
SHV-OKP-LEN,Bla,SHV-38_1308
SHV-OKP-LEN,Bla,SHV-39_1309
SHV-OKP-LEN,Bla,SHV-40_1310
SHV-OKP-LEN,Bla,SHV-41_1311
SHV-OKP-LEN,Bla,SHV-42_1312
SHV-OKP-LEN,Bla,SHV-43_1313
SHV-OKP-LEN,Bla,SHV-44_1314
SHV-OKP-LEN,Bla,SHV-45_1315
SHV-OKP-LEN,Bla,SHV-46_1316
SHV-OKP-LEN,Bla,SHV-48_1317
SHV-OKP-LEN,Bla,SHV-49_1318
SHV-OKP-LEN,Bla,SHV-5_1283
SHV-OKP-LEN,Bla,SHV-50_1319
SHV-OKP-LEN,Bla,SHV-51_1320
SHV-OKP-LEN,Bla,SHV-52_1321
SHV-OKP-LEN,Bla,SHV-53_1322
SHV-OKP-LEN,Bla,SHV-55_1323
SHV-OKP-LEN,Bla,SHV-56_1324
SHV-OKP-LEN,Bla,SHV-57_1325
SHV-OKP-LEN,Bla,SHV-59_1326
SHV-OKP-LEN,Bla,SHV-6_1284
SHV-OKP-LEN,Bla,SHV-60_1327
SHV-OKP-LEN,Bla,SHV-61_1328
SHV-OKP-LEN,Bla,SHV-62_1329
SHV-OKP-LEN,Bla,SHV-63_1330
SHV-OKP-LEN,Bla,SHV-64_1331
SHV-OKP-LEN,Bla,SHV-65_1332
SHV-OKP-LEN,Bla,SHV-66_1333
SHV-OKP-LEN,Bla,SHV-67_1334
SHV-OKP-LEN,Bla,SHV-69_1335
SHV-OKP-LEN,Bla,SHV-7_1285
SHV-OKP-LEN,Bla,SHV-70_1336
SHV-OKP-LEN,Bla,SHV-71_1337
SHV-OKP-LEN,Bla,SHV-72_1338
SHV-OKP-LEN,Bla,SHV-73_1339
SHV-OKP-LEN,Bla,SHV-74_1340
SHV-OKP-LEN,Bla,SHV-75_1341
SHV-OKP-LEN,Bla,SHV-76_1342
SHV-OKP-LEN,Bla,SHV-77_1343
SHV-OKP-LEN,Bla,SHV-78_1344
SHV-OKP-LEN,Bla,SHV-79_1345
SHV-OKP-LEN,Bla,SHV-8_1286
SHV-OKP-LEN,Bla,SHV-80_1346
SHV-OKP-LEN,Bla,SHV-81_1347
SHV-OKP-LEN,Bla,SHV-82_1348
SHV-OKP-LEN,Bla,SHV-84_1350
SHV-OKP-LEN,Bla,SHV-85_1351
SHV-OKP-LEN,Bla,SHV-86_1352
SHV-OKP-LEN,Bla,SHV-89_1353
SHV-OKP-LEN,Bla,SHV-92_1354
SHV-OKP-LEN,Bla,SHV-93_1355
SHV-OKP-LEN,Bla,SHV-94_1356
SHV-OKP-LEN,Bla,SHV-95_1357
SHV-OKP-LEN,Bla,SHV-96_1358
SHV-OKP-LEN,Bla,SHV-97_1359
SHV-OKP-LEN,Bla,SHV-98_1360
SHV-OKP-LEN,Bla,SHV-99_1361
SHV-OKP-LEN,Bla,SHV2A-kp_1281
VEB-1,Bla,VEB-1_1435
VEB-1,Bla,VEB-2_1436
VEB-1,Bla,VEB-3_1437
VEB-1,Bla,VEB-4_1438
VEB-1,Bla,VEB-5_1439
VEB-1,Bla,VEB-6_1440
VEB-1,Bla,VEB-7_1441
VEB-1,Bla,VEB-8_1442
ErmH,MLS,ErmH_1443
MphC,MLS,MphC_1444
VgbA,MLS,VgbA_1241
HugA2,Bla,HugA_1242
CARB-5,Bla,CARB-10_783
CARB-5,Bla,CARB-5_782
FAR-1,Bla,FAR-1_781
Lut-1,Bla,Lut-1_780
AadE-K,AGly,AadE-Pp_778
AadE-K,AGly,AadK-Pm_779
SED-1,Bla,SED-1_777
RAHN-1,Bla,RAHN-1_775
RAHN-1,Bla,RAHN-2_776
L-1,Bla,L-1_774
FONA-1,Bla,FONA-1_768
FONA-1,Bla,FONA-2_769
FONA-1,Bla,FONA-3_770
FONA-1,Bla,FONA-4_771
FONA-1,Bla,FONA-5_772
FONA-1,Bla,FONA-6_773
CME-1,Bla,CME-1_767
VgbB,MLS,VgbB_766
BlaA,Bla,BlaA_789
BIC-1,Bla,BIC-1_790
SME-1,Bla,SME-1_785
SME-1,Bla,SME-2_786
SME-1,Bla,SME-3_787
MphE,MLS,MphE_788
KPC-1,Bla,KPC-1_796
KPC-1,Bla,KPC-10_805
KPC-1,Bla,KPC-11_806
KPC-1,Bla,KPC-12_807
KPC-1,Bla,KPC-13_808
KPC-1,Bla,KPC-14_809
KPC-1,Bla,KPC-15_810
KPC-1,Bla,KPC-2_797
KPC-1,Bla,KPC-3_798
KPC-1,Bla,KPC-4_799
KPC-1,Bla,KPC-5_800
KPC-1,Bla,KPC-6_801
KPC-1,Bla,KPC-7_802
KPC-1,Bla,KPC-8_803
KPC-1,Bla,KPC-9_804
ERP-1,Bla,ERP-1_811
VanYF-Pp,Gly,VanYF-Pp_791
IMI,Bla,IMI-1_792
IMI,Bla,IMI-2_793
IMI,Bla,IMI-3_794
IMI,Bla,NMC-A_795
GOB-1,Bla,GOB-1_812
GOB-1,Bla,GOB-10_821
GOB-1,Bla,GOB-11_822
GOB-1,Bla,GOB-12_823
GOB-1,Bla,GOB-13_824
GOB-1,Bla,GOB-14_825
GOB-1,Bla,GOB-15_826
GOB-1,Bla,GOB-18_827
GOB-1,Bla,GOB-2_813
GOB-1,Bla,GOB-3_814
GOB-1,Bla,GOB-4_815
GOB-1,Bla,GOB-5_816
GOB-1,Bla,GOB-6_817
GOB-1,Bla,GOB-7_818
GOB-1,Bla,GOB-8_819
GOB-1,Bla,GOB-9_820
BES-1,Bla,BES-1_828
CTX-M-9,Bla,CTX-M-102_130
CTX-M-9,Bla,CTX-M-104_131
CTX-M-9,Bla,CTX-M-105_132
CTX-M-9,Bla,CTX-M-106_133
CTX-M-9,Bla,CTX-M-110_134
CTX-M-9,Bla,CTX-M-111_135
CTX-M-9,Bla,CTX-M-112_136
CTX-M-9,Bla,CTX-M-113_137
CTX-M-9,Bla,CTX-M-121_138
CTX-M-9,Bla,CTX-M-122_139
CTX-M-9,Bla,CTX-M-125_140
CTX-M-9,Bla,CTX-M-126_141
CTX-M-9,Bla,CTX-M-129_142
CTX-M-9,Bla,CTX-M-130_143
CTX-M-9,Bla,CTX-M-134_144
CTX-M-9,Bla,CTX-M-14_102
CTX-M-9,Bla,CTX-M-16_103
CTX-M-9,Bla,CTX-M-17_104
CTX-M-9,Bla,CTX-M-19_106
CTX-M-9,Bla,CTX-M-21_107
CTX-M-9,Bla,CTX-M-24_108
CTX-M-9,Bla,CTX-M-27_109
CTX-M-9,Bla,CTX-M-45_110
CTX-M-9,Bla,CTX-M-46_111
CTX-M-9,Bla,CTX-M-47_112
CTX-M-9,Bla,CTX-M-48_113
CTX-M-9,Bla,CTX-M-49_114
CTX-M-9,Bla,CTX-M-50_115
CTX-M-9,Bla,CTX-M-51_116
CTX-M-9,Bla,CTX-M-65_117
CTX-M-9,Bla,CTX-M-67_118
CTX-M-9,Bla,CTX-M-81_119
CTX-M-9,Bla,CTX-M-82_120
CTX-M-9,Bla,CTX-M-83_121
CTX-M-9,Bla,CTX-M-84_122
CTX-M-9,Bla,CTX-M-85_123
CTX-M-9,Bla,CTX-M-86_124
CTX-M-9,Bla,CTX-M-9_100
CTX-M-9,Bla,CTX-M-90_126
CTX-M-9,Bla,CTX-M-93_127
CTX-M-9,Bla,CTX-M-98_128
CTX-M-9,Bla,CTX-M-99_129
SFO-1,Bla,SFO-1_99
OXY,Bla,OXY1-1_194
OXY,Bla,OXY1-2_195
OXY,Bla,OXY1-3_196
OXY,Bla,OXY1-4_197
OXY,Bla,OXY1-5_198
OXY,Bla,OXY1a_199
OXY,Bla,OXY2-1_200
OXY,Bla,OXY2-10_209
OXY,Bla,OXY2-2_201
OXY,Bla,OXY2-3_202
OXY,Bla,OXY2-4_203
OXY,Bla,OXY2-5_204
OXY,Bla,OXY2-6_205
OXY,Bla,OXY2-7_206
OXY,Bla,OXY2-8_207
OXY,Bla,OXY2-9_208
OXY,Bla,OXY3-1_210
OXY,Bla,OXY4-1_211
OXY,Bla,OXY5-1_212
OXY,Bla,OXY5-2_213
OXY,Bla,OXY6-1_214
OXY,Bla,OXY6-2_215
OXY,Bla,OXY6-3_216
OXY,Bla,OXY6-4_217
CTX-M-1,Bla,CTX-M-1_145
CTX-M-1,Bla,CTX-M-10_147
CTX-M-1,Bla,CTX-M-101_182
CTX-M-1,Bla,CTX-M-107_183
CTX-M-1,Bla,CTX-M-108_184
CTX-M-1,Bla,CTX-M-109_185
CTX-M-1,Bla,CTX-M-11_148
CTX-M-1,Bla,CTX-M-114_186
CTX-M-1,Bla,CTX-M-116_187
CTX-M-1,Bla,CTX-M-117_188
CTX-M-1,Bla,CTX-M-12_149
CTX-M-1,Bla,CTX-M-123_189
CTX-M-1,Bla,CTX-M-132_190
CTX-M-1,Bla,CTX-M-133_191
CTX-M-1,Bla,CTX-M-136_192
CTX-M-1,Bla,CTX-M-139_193
CTX-M-1,Bla,CTX-M-15_150
CTX-M-1,Bla,CTX-M-22_151
CTX-M-1,Bla,CTX-M-23_152
CTX-M-1,Bla,CTX-M-28_153
CTX-M-1,Bla,CTX-M-29_154
CTX-M-1,Bla,CTX-M-3_146
CTX-M-1,Bla,CTX-M-30_155
CTX-M-1,Bla,CTX-M-32_156
CTX-M-1,Bla,CTX-M-33_157
CTX-M-1,Bla,CTX-M-34_158
CTX-M-1,Bla,CTX-M-36_159
CTX-M-1,Bla,CTX-M-37_160
CTX-M-1,Bla,CTX-M-38_161
CTX-M-1,Bla,CTX-M-42_162
CTX-M-1,Bla,CTX-M-52_163
CTX-M-1,Bla,CTX-M-53_164
CTX-M-1,Bla,CTX-M-54_165
CTX-M-1,Bla,CTX-M-55_166
CTX-M-1,Bla,CTX-M-58_168
CTX-M-1,Bla,CTX-M-60_169
CTX-M-1,Bla,CTX-M-61_170
CTX-M-1,Bla,CTX-M-62_171
CTX-M-1,Bla,CTX-M-64_172
CTX-M-1,Bla,CTX-M-66_173
CTX-M-1,Bla,CTX-M-68_174
CTX-M-1,Bla,CTX-M-69_175
CTX-M-1,Bla,CTX-M-71_176
CTX-M-1,Bla,CTX-M-72_177
CTX-M-1,Bla,CTX-M-79_178
CTX-M-1,Bla,CTX-M-80_179
CTX-M-1,Bla,CTX-M-88_180
CTX-M-1,Bla,CTX-M-96_181
CTX-M-8,Bla,CTX-M-100_88
CTX-M-8,Bla,CTX-M-25_78
CTX-M-8,Bla,CTX-M-26_79
CTX-M-8,Bla,CTX-M-39_80
CTX-M-8,Bla,CTX-M-40_81
CTX-M-8,Bla,CTX-M-41_82
CTX-M-8,Bla,CTX-M-63_83
CTX-M-8,Bla,CTX-M-78_84
CTX-M-8,Bla,CTX-M-8_77
CTX-M-8,Bla,CTX-M-89_85
CTX-M-8,Bla,CTX-M-91_86
CTX-M-8,Bla,CTX-M-94_87
ErmN,MLS,ErmN_76
HERA-1,Bla,HERA-1_91
HERA-1,Bla,HERA-2_92
HERA-1,Bla,HERA-3_93
HERA-1,Bla,HERA-4_94
HERA-1,Bla,HERA-5_95
HERA-1,Bla,HERA-6_96
HERA-1,Bla,HERA-8_98
GOB-16,Bla,GOB-16_89
GOB-16,Bla,GOB-17_90
OXA-55,Bla,OXA-55_75
Aac3-VII,AGly,Aac3-VII_74
SCO-1,Bla,SCO-1_881
GES,Bla,GES-1_859
GES,Bla,GES-10_868
GES,Bla,GES-11_869
GES,Bla,GES-12_870
GES,Bla,GES-13_871
GES,Bla,GES-14_872
GES,Bla,GES-15_873
GES,Bla,GES-16_874
GES,Bla,GES-17_875
GES,Bla,GES-18_876
GES,Bla,GES-19_877
GES,Bla,GES-2_860
GES,Bla,GES-20_878
GES,Bla,GES-21_879
GES,Bla,GES-22_880
GES,Bla,GES-3_861
GES,Bla,GES-4_862
GES,Bla,GES-5_863
GES,Bla,GES-6_864
GES,Bla,GES-9_867
GES,Bla,IBC-2_866
ErmD,MLS,ErmD_886
Aac3-IIa,AGly,Aac3-IIa_882
Aac3-IIa,AGly,Aac3-IIc_883
Aac3-IIa,AGly,Aac3-IId_884
Aac3-IIa,AGly,Aac3-IIe_885
Aac8,AGly,Aac8_1038
TEM-1D,Bla,TEM-1_888
TEM-1D,Bla,TEM-10_894
TEM-1D,Bla,TEM-101_953
TEM-1D,Bla,TEM-102_954
TEM-1D,Bla,TEM-104_955
TEM-1D,Bla,TEM-105_956
TEM-1D,Bla,TEM-106_957
TEM-1D,Bla,TEM-107_958
TEM-1D,Bla,TEM-108_959
TEM-1D,Bla,TEM-109_960
TEM-1D,Bla,TEM-11_895
TEM-1D,Bla,TEM-110_961
TEM-1D,Bla,TEM-111_962
TEM-1D,Bla,TEM-112_963
TEM-1D,Bla,TEM-113_964
TEM-1D,Bla,TEM-114_965
TEM-1D,Bla,TEM-115_966
TEM-1D,Bla,TEM-116_967
TEM-1D,Bla,TEM-117_968
TEM-1D,Bla,TEM-118_969
TEM-1D,Bla,TEM-12_896
TEM-1D,Bla,TEM-120_970
TEM-1D,Bla,TEM-121_971
TEM-1D,Bla,TEM-122_972
TEM-1D,Bla,TEM-123_973
TEM-1D,Bla,TEM-124_974
TEM-1D,Bla,TEM-125_975
TEM-1D,Bla,TEM-126_976
TEM-1D,Bla,TEM-127_977
TEM-1D,Bla,TEM-128_978
TEM-1D,Bla,TEM-129_979
TEM-1D,Bla,TEM-130_980
TEM-1D,Bla,TEM-131_981
TEM-1D,Bla,TEM-132_982
TEM-1D,Bla,TEM-133_983
TEM-1D,Bla,TEM-134_984
TEM-1D,Bla,TEM-135_985
TEM-1D,Bla,TEM-136_986
TEM-1D,Bla,TEM-137_987
TEM-1D,Bla,TEM-138_988
TEM-1D,Bla,TEM-139_989
TEM-1D,Bla,TEM-141_990
TEM-1D,Bla,TEM-142_991
TEM-1D,Bla,TEM-143_992
TEM-1D,Bla,TEM-144_993
TEM-1D,Bla,TEM-145_994
TEM-1D,Bla,TEM-146_995
TEM-1D,Bla,TEM-147_996
TEM-1D,Bla,TEM-148_997
TEM-1D,Bla,TEM-149_998
TEM-1D,Bla,TEM-15_897
TEM-1D,Bla,TEM-150_999
TEM-1D,Bla,TEM-151_1000
TEM-1D,Bla,TEM-152_1001
TEM-1D,Bla,TEM-153_1002
TEM-1D,Bla,TEM-154_1003
TEM-1D,Bla,TEM-155_1004
TEM-1D,Bla,TEM-156_1005
TEM-1D,Bla,TEM-157_1006
TEM-1D,Bla,TEM-158_1007
TEM-1D,Bla,TEM-159_1008
TEM-1D,Bla,TEM-16_898
TEM-1D,Bla,TEM-160_1009
TEM-1D,Bla,TEM-162_1010
TEM-1D,Bla,TEM-163_1011
TEM-1D,Bla,TEM-164_1012
TEM-1D,Bla,TEM-166_1013
TEM-1D,Bla,TEM-167_1014
TEM-1D,Bla,TEM-168_1015
TEM-1D,Bla,TEM-169_1016
TEM-1D,Bla,TEM-17_899
TEM-1D,Bla,TEM-171_1017
TEM-1D,Bla,TEM-176_1018
TEM-1D,Bla,TEM-177_1019
TEM-1D,Bla,TEM-178_1020
TEM-1D,Bla,TEM-182_1021
TEM-1D,Bla,TEM-183_1022
TEM-1D,Bla,TEM-185_1023
TEM-1D,Bla,TEM-186_1024
TEM-1D,Bla,TEM-187_1025
TEM-1D,Bla,TEM-188_1026
TEM-1D,Bla,TEM-189_1027
TEM-1D,Bla,TEM-190_1028
TEM-1D,Bla,TEM-191_1029
TEM-1D,Bla,TEM-192_1030
TEM-1D,Bla,TEM-193_1031
TEM-1D,Bla,TEM-194_1032
TEM-1D,Bla,TEM-195_1033
TEM-1D,Bla,TEM-197_1034
TEM-1D,Bla,TEM-198_1035
TEM-1D,Bla,TEM-199_1036
TEM-1D,Bla,TEM-1D_887
TEM-1D,Bla,TEM-2_889
TEM-1D,Bla,TEM-20_900
TEM-1D,Bla,TEM-201_1037
TEM-1D,Bla,TEM-21_901
TEM-1D,Bla,TEM-22_902
TEM-1D,Bla,TEM-24_903
TEM-1D,Bla,TEM-26B_904
TEM-1D,Bla,TEM-28_905
TEM-1D,Bla,TEM-29_906
TEM-1D,Bla,TEM-3_890
TEM-1D,Bla,TEM-30_907
TEM-1D,Bla,TEM-33_908
TEM-1D,Bla,TEM-34_909
TEM-1D,Bla,TEM-42_910
TEM-1D,Bla,TEM-43_911
TEM-1D,Bla,TEM-47_912
TEM-1D,Bla,TEM-48_913
TEM-1D,Bla,TEM-49_914
TEM-1D,Bla,TEM-52_915
TEM-1D,Bla,TEM-53_916
TEM-1D,Bla,TEM-54_917
TEM-1D,Bla,TEM-55_918
TEM-1D,Bla,TEM-57_919
TEM-1D,Bla,TEM-59_920
TEM-1D,Bla,TEM-6_891
TEM-1D,Bla,TEM-60_921
TEM-1D,Bla,TEM-63_922
TEM-1D,Bla,TEM-67_923
TEM-1D,Bla,TEM-68_924
TEM-1D,Bla,TEM-7_892
TEM-1D,Bla,TEM-70_925
TEM-1D,Bla,TEM-71_926
TEM-1D,Bla,TEM-72_927
TEM-1D,Bla,TEM-75_928
TEM-1D,Bla,TEM-76_929
TEM-1D,Bla,TEM-77_930
TEM-1D,Bla,TEM-78_931
TEM-1D,Bla,TEM-79_932
TEM-1D,Bla,TEM-8_893
TEM-1D,Bla,TEM-80_933
TEM-1D,Bla,TEM-81_934
TEM-1D,Bla,TEM-82_935
TEM-1D,Bla,TEM-83_936
TEM-1D,Bla,TEM-84_937
TEM-1D,Bla,TEM-85_938
TEM-1D,Bla,TEM-86_939
TEM-1D,Bla,TEM-87_940
TEM-1D,Bla,TEM-88_941
TEM-1D,Bla,TEM-89_942
TEM-1D,Bla,TEM-90_943
TEM-1D,Bla,TEM-91_944
TEM-1D,Bla,TEM-92_945
TEM-1D,Bla,TEM-93_946
TEM-1D,Bla,TEM-94_947
TEM-1D,Bla,TEM-95_948
TEM-1D,Bla,TEM-96_949
TEM-1D,Bla,TEM-97_950
TEM-1D,Bla,TEM-98_951
Ant6-Ib,AGly,Ant6-Ib_1040
OXA-62,Bla,OXA-62_1039
Aac3-Xa,AGly,Aac3-Xa_1043
ACI-1,Bla,ACI-1_1041
ErmX,MLS,ErmX_1482
BEL-1,Bla,BEL-1_1483
BEL-1,Bla,BEL-2_1484
BEL-1,Bla,BEL-3_1485
Str,AGly,Str_1480
ErmZ,MLS,ErmZ_1481
Aac3-IXa,AGly,Aac3-IXa_1478
RmtC,AGly,RmtC_1479
BlaZ,Bla,BlaZ_1476
Erm34,MLS,Erm34_1477
Erm36,MLS,Erm36_1486
Aph,AGly,Sph_1488
OXA-58,Bla,OXA-164_1626
OXA-58,Bla,OXA-58_1623
OXA-58,Bla,OXA-96_1624
OXA-58,Bla,OXA-97_1625
Erm32,MLS,Erm32_1622
Aac3-III,AGly,Aac3-IIIc_1621
Aac3-III,AGly,Aac3-IIIb_1620
OXA-9,Bla,OXA-9_1619
LmrB,MLS,LmrB_1618
LmrB,MLS,LmrB_1617
SulI,Sul,SulI_1616
AadA9,AGly,AadA9_1615
StrB,AGly,StrB_1614
MphD,MLS,MphD_1613
AadA,AGly,AadA1_1598
AadA,AGly,AadA1-pm_1597
AadA,AGly,AadA11_1599
AadA,AGly,AadA12_1600
AadA,AGly,AadA13_1601
AadA,AGly,AadA15_1602
AadA,AGly,AadA17_1603
AadA,AGly,AadA2_1605
AadA,AGly,AadA21_1606
AadA,AGly,AadA22_1607
AadA,AGly,AadA23_1608
AadA,AGly,AadA24_1609
AadA,AGly,AadA24_1688
AadA,AGly,AadA3_1610
AadA,AGly,AadA8_1611
AadA,AGly,AadA8b_1612
SPM-1,Bla,SPM-1_519
OXA-1,Bla,OXA-1_520
OXA-1,Bla,OXA-224_525
OXA-1,Bla,OXA-31_523
OXA-1,Bla,OXA-320_526
OXA-1,Bla,OXA-4_521
OXA-1,Bla,OXA-47_524
OXA-228,Bla,OXA-228_527
OXA-228,Bla,OXA-229_528
OXA-228,Bla,OXA-230_529
OXA-237,Bla,OXA-235_532
OXA-237,Bla,OXA-236_531
OXA-237,Bla,OXA-237_530
OXA-237,Bla,OXA-278_533
OXA-2,Bla,OXA-118_497
OXA-2,Bla,OXA-119_498
OXA-2,Bla,OXA-141_499
OXA-2,Bla,OXA-15_490
OXA-2,Bla,OXA-161_500
OXA-2,Bla,OXA-2_488
OXA-2,Bla,OXA-205_501
OXA-2,Bla,OXA-21_491
OXA-2,Bla,OXA-210_502
OXA-2,Bla,OXA-3_489
OXA-2,Bla,OXA-32_492
OXA-2,Bla,OXA-34_493
OXA-2,Bla,OXA-36_494
OXA-2,Bla,OXA-46_495
OXA-2,Bla,OXA-53_496
OXA-18,Bla,OXA-18_503
OXA-24,Bla,OXA-139_510
OXA-24,Bla,OXA-143_511
OXA-24,Bla,OXA-160_512
OXA-24,Bla,OXA-182_513
OXA-24,Bla,OXA-207_514
OXA-24,Bla,OXA-231_515
OXA-24,Bla,OXA-24_504
OXA-24,Bla,OXA-25_505
OXA-24,Bla,OXA-26_506
OXA-24,Bla,OXA-72_509
OXA-114,Bla,OXA-114_516
OXA-114,Bla,OXA-243a_517
OXA-114,Bla,OXA-258_518
OXA-214,Bla,OXA-214_486
VanW-B,Gly,VanW-B_487
ApmA,AGly,ApmA_649
OXA-22,Bla,OXA-22_648
OXA-23,Bla,OXA-133_735
OXA-23,Bla,OXA-134_736
OXA-23,Bla,OXA-146_737
OXA-23,Bla,OXA-165_738
OXA-23,Bla,OXA-166_739
OXA-23,Bla,OXA-167_740
OXA-23,Bla,OXA-168_741
OXA-23,Bla,OXA-169_742
OXA-23,Bla,OXA-170_743
OXA-23,Bla,OXA-171_744
OXA-23,Bla,OXA-225_745
OXA-23,Bla,OXA-23_731
OXA-23,Bla,OXA-239_746
OXA-23,Bla,OXA-27_732
OXA-23,Bla,OXA-49_733
OXA-23,Bla,OXA-73_734
OXA-51,Bla,OXA-100_680
OXA-51,Bla,OXA-106_681
OXA-51,Bla,OXA-107_682
OXA-51,Bla,OXA-108_683
OXA-51,Bla,OXA-109_684
OXA-51,Bla,OXA-110_685
OXA-51,Bla,OXA-111_686
OXA-51,Bla,OXA-112_687
OXA-51,Bla,OXA-113_688
OXA-51,Bla,OXA-115_689
OXA-51,Bla,OXA-116_690
OXA-51,Bla,OXA-117_691
OXA-51,Bla,OXA-120_692
OXA-51,Bla,OXA-128_693
OXA-51,Bla,OXA-130_694
OXA-51,Bla,OXA-131_695
OXA-51,Bla,OXA-132_696
OXA-51,Bla,OXA-138_697
OXA-51,Bla,OXA-144_698
OXA-51,Bla,OXA-148_699
OXA-51,Bla,OXA-149_700
OXA-51,Bla,OXA-150_701
OXA-51,Bla,OXA-172_702
OXA-51,Bla,OXA-173_703
OXA-51,Bla,OXA-174_704
OXA-51,Bla,OXA-175_705
OXA-51,Bla,OXA-176_706
OXA-51,Bla,OXA-177_707
OXA-51,Bla,OXA-178_708
OXA-51,Bla,OXA-179_709
OXA-51,Bla,OXA-180_710
OXA-51,Bla,OXA-194_711
OXA-51,Bla,OXA-195_712
OXA-51,Bla,OXA-196_713
OXA-51,Bla,OXA-197_714
OXA-51,Bla,OXA-199_715
OXA-51,Bla,OXA-200_716
OXA-51,Bla,OXA-201_717
OXA-51,Bla,OXA-202_718
OXA-51,Bla,OXA-203_719
OXA-51,Bla,OXA-206_720
OXA-51,Bla,OXA-208_721
OXA-51,Bla,OXA-216_722
OXA-51,Bla,OXA-217_723
OXA-51,Bla,OXA-219_724
OXA-51,Bla,OXA-223_725
OXA-51,Bla,OXA-241_726
OXA-51,Bla,OXA-242_727
OXA-51,Bla,OXA-248_728
OXA-51,Bla,OXA-249_729
OXA-51,Bla,OXA-250_730
OXA-51,Bla,OXA-51_650
OXA-51,Bla,OXA-64_651
OXA-51,Bla,OXA-65_652
OXA-51,Bla,OXA-66_653
OXA-51,Bla,OXA-67_654
OXA-51,Bla,OXA-68_655
OXA-51,Bla,OXA-69_656
OXA-51,Bla,OXA-70_657
OXA-51,Bla,OXA-71_658
OXA-51,Bla,OXA-75_659
OXA-51,Bla,OXA-76_660
OXA-51,Bla,OXA-77_661
OXA-51,Bla,OXA-78_662
OXA-51,Bla,OXA-79_663
OXA-51,Bla,OXA-80_664
OXA-51,Bla,OXA-82_665
OXA-51,Bla,OXA-83_666
OXA-51,Bla,OXA-84_667
OXA-51,Bla,OXA-86_668
OXA-51,Bla,OXA-87_669
OXA-51,Bla,OXA-88_670
OXA-51,Bla,OXA-89_671
OXA-51,Bla,OXA-90_672
OXA-51,Bla,OXA-91_673
OXA-51,Bla,OXA-92_674
OXA-51,Bla,OXA-93_675
OXA-51,Bla,OXA-94_676
OXA-51,Bla,OXA-95_677
OXA-51,Bla,OXA-98_678
OXA-51,Bla,OXA-99_679
OXA-209,Bla,OXA-209_644
OXA-209,Bla,OXA-347_645
OXA-211,Bla,OXA-211_641
OXA-211,Bla,OXA-212_642
OXA-211,Bla,OXA-309_643
RmtE,AGly,RmtE_647
OXA-104,Bla,OXA-104_646
OXA-213,Bla,OXA-213_748
LnuF,MLS,LnuF_747
Aac-IIIa,AGly,Aac-IIIa_1216
Aph3''Ia,AGly,Aph3-Ia_1218
Aph3''Ia,AGly,Aph3''Ia_1217
Aph3-Id,AGly,Aph3-Id_1214
Aph3-Ib,AGly,Aph3-Ib_784
OXA-60,Bla,OXA-60_1228
VanZ-Pa,Gly,VanZ-Pa_1229
SulII,Sul,SulII_1219
NDM-1,Bla,NDM-1_1220
NDM-1,Bla,NDM-2_1221
NDM-1,Bla,NDM-3_1222
NDM-1,Bla,NDM-4_1223
NDM-1,Bla,NDM-5_1224
NDM-1,Bla,NDM-6_1225
NDM-1,Bla,NDM-7_1226
NDM-1,Bla,NDM-8_1227
Aac3-Vb,AGly,Aac3-Vb_1205
OXA-42,Bla,OXA-42_1206
OXA-42,Bla,OXA-43_1207
OXA-42,Bla,OXA-57_1208
OXA-42,Bla,OXA-59_1209
OXA-63,Bla,OXA-136_1505
OXA-63,Bla,OXA-137_1506
OXA-63,Bla,OXA-192_1507
OXA-63,Bla,OXA-63_1504
Aph3-IIb,AGly,Aph3-IIb_1503
VanY-B,Gly,VanY-B_1502
StrA,AGly,StrA_1501
Aph3-IIc,AGly,Aph3-IIc_1513
Aph3,AGly,Aph3-Va_1512
Aph3,AGly,AphVIII_1511
OXA-5,Bla,OXA-129_1510
OXA-5,Bla,OXA-5_1509
LinB,MLS,LinB_1508
APH-Stph,AGly,APH-Stph_1534
OXA-7,Bla,OXA-10_1515
OXA-7,Bla,OXA-101_1526
OXA-7,Bla,OXA-11_1516
OXA-7,Bla,OXA-13_1517
OXA-7,Bla,OXA-14_1518
OXA-7,Bla,OXA-142_1527
OXA-7,Bla,OXA-145_1528
OXA-7,Bla,OXA-147_1529
OXA-7,Bla,OXA-16_1519
OXA-7,Bla,OXA-17_1520
OXA-7,Bla,OXA-183_1530
OXA-7,Bla,OXA-19_1521
OXA-7,Bla,OXA-240_1531
OXA-7,Bla,OXA-251_1532
OXA-7,Bla,OXA-256_1533
OXA-7,Bla,OXA-28_1522
OXA-7,Bla,OXA-35_1523
OXA-7,Bla,OXA-56_1524
OXA-7,Bla,OXA-7_1514
OXA-7,Bla,OXA-74_1525
OXA-20,Bla,OXA-20_218
OXA-20,Bla,OXA-37_219
OXA-29,Bla,OXA-29_220
VIM-1,Bla,VIM-1_221
VIM-1,Bla,VIM-10_229
VIM-1,Bla,VIM-11_230
VIM-1,Bla,VIM-12_231
VIM-1,Bla,VIM-13_232
VIM-1,Bla,VIM-14_233
VIM-1,Bla,VIM-15_234
VIM-1,Bla,VIM-16_235
VIM-1,Bla,VIM-17_236
VIM-1,Bla,VIM-18_237
VIM-1,Bla,VIM-19_238
VIM-1,Bla,VIM-2_222
VIM-1,Bla,VIM-20_239
VIM-1,Bla,VIM-23_240
VIM-1,Bla,VIM-24_241
VIM-1,Bla,VIM-25_242
VIM-1,Bla,VIM-26_243
VIM-1,Bla,VIM-27_244
VIM-1,Bla,VIM-28_245
VIM-1,Bla,VIM-29_246
VIM-1,Bla,VIM-3_223
VIM-1,Bla,VIM-30_247
VIM-1,Bla,VIM-31_248
VIM-1,Bla,VIM-32_249
VIM-1,Bla,VIM-33_250
VIM-1,Bla,VIM-34_251
VIM-1,Bla,VIM-35_252
VIM-1,Bla,VIM-36_253
VIM-1,Bla,VIM-37_254
VIM-1,Bla,VIM-38_255
VIM-1,Bla,VIM-4_224
VIM-1,Bla,VIM-5_225
VIM-1,Bla,VIM-6_226
VIM-1,Bla,VIM-8_227
VIM-1,Bla,VIM-9_228
Erm35,MLS,Erm35_256
ErmF,MLS,ErmF_257
OXA-48,Bla,OXA-162_260
OXA-48,Bla,OXA-163_261
OXA-48,Bla,OXA-181_262
OXA-48,Bla,OXA-204_263
OXA-48,Bla,OXA-244_264
OXA-48,Bla,OXA-245_265
OXA-48,Bla,OXA-247_266
OXA-48,Bla,OXA-48_258
OXA-48,Bla,OXA-54_259
VIM-7,Bla,VIM-7_267
Aph3-III,AGly,Aph3-III_268
Aph3-Vb,AGly,Aph3-Vb_269
Aph3-Vb,AGly,Aph3-Vc_270
AphA15,AGly,AphA15_271
RmtG,AGly,RmtG_1493
AphA2,AGly,AphA2_1492
OXA-12,Bla,OXA-12_1495
OXA-45,Bla,OXA-45_1494
SulIII,Sul,SulIII_1498
AadA4-5,AGly,AadA4_1496
AadA4-5,AGly,AadA5_1497
Aph3-IV,AGly,Aph3-IV_1500
OXA-50,Bla,OXA-50_1499
OXA-198,Bla,OXA-198_1490
Aac3-Iva,AGly,Aac3-Iva_1489
AadA14,AGly,AadA14_72
Spc,AGly,Spc_73
LCR,Bla,LCR-1_70
LCR,Bla,Nps1_69
ErmO,MLS,ErmO_71
AphA6,AGly,Aph3-VIb_67
AphA6,AGly,AphA6_66
RmtF,AGly,RmtF_68
ErmV,MLS,ErmV_64
ArmA,AGly,ArmA_65
ErmQ,MLS,ErmQ_62
AadD,AGly,AadD_63
Ant4-Ib,AGly,Ant4-Ib_1581
Aad9,Agly,Aad9_1582
CEPH,Bla,CEPH-A3_1583
CEPH,Bla,CphA_1586
CEPH,Bla,CphA4_1587
CEPH,Bla,CphA5_1588
CEPH,Bla,CphA6_1589
CEPH,Bla,CphA7_1590
CEPH,Bla,CphA8_1591
CEPH,Bla,IMIH_1585
CEPH,Bla,IMIS_1584
Aph3''Ic,AGly,Aph3''Ic_1592
OXA-85,Bla,OXA-85_1593
Ant4-IIa,AGly,Ant4-IIa_1594
RmtH,AGly,RmtH_1595
Ant4-IIb,AGly,Ant4-IIb_1596
RmtA,AGly,RmtA_1579
RmtB,AGly,RmtB_1580
DIM-1,Bla,DIM-1_1139
Erm40,MLS,Erm40_1138
Aph3-VIIa,AGly,Aph3-VIIa_1137
GIM-1,Bla,GIM-1_1136
B-1,Bla,B-1_1159
B-1,Bla,B-10_1167
B-1,Bla,B-11_1168
B-1,Bla,B-12_1169
B-1,Bla,B-13_1170
B-1,Bla,B-14_1171
B-1,Bla,B-2_1160
B-1,Bla,B-3_1161
B-1,Bla,B-5_1162
B-1,Bla,B-6_1163
B-1,Bla,B-7_1164
B-1,Bla,B-8_1165
B-1,Bla,B-9_1166
CfiA,Bla,CfiA1_1142
CfiA,Bla,CfiA10_1151
CfiA,Bla,CfiA13_1154
CfiA,Bla,CfiA14_1155
CfiA,Bla,CfiA15_1156
CfiA,Bla,CfiA2_1143
CfiA,Bla,CfiA3_1144
CfiA,Bla,CfiA4_1145
CfiA,Bla,CfiA6_1147
CfiA,Bla,CfiA8_1149
CfiA,Bla,CfiA9_1150
TUS-1,Bla,TUS-1_1141
JOHN-1,Bla,JOHN-1_1140
IMP-1,Bla,IMP-1_1097
IMP-1,Bla,IMP-10_1106
IMP-1,Bla,IMP-11_1107
IMP-1,Bla,IMP-13_1108
IMP-1,Bla,IMP-14_1109
IMP-1,Bla,IMP-15_1110
IMP-1,Bla,IMP-16_1111
IMP-1,Bla,IMP-18_1112
IMP-1,Bla,IMP-19_1113
IMP-1,Bla,IMP-2_1098
IMP-1,Bla,IMP-20_1114
IMP-1,Bla,IMP-21_1115
IMP-1,Bla,IMP-22_1116
IMP-1,Bla,IMP-24_1117
IMP-1,Bla,IMP-25_1118
IMP-1,Bla,IMP-26_1119
IMP-1,Bla,IMP-27_1120
IMP-1,Bla,IMP-28_1121
IMP-1,Bla,IMP-29_1122
IMP-1,Bla,IMP-3_1099
IMP-1,Bla,IMP-30_1123
IMP-1,Bla,IMP-32_1124
IMP-1,Bla,IMP-33_1125
IMP-1,Bla,IMP-34_1126
IMP-1,Bla,IMP-35_1127
IMP-1,Bla,IMP-37_1128
IMP-1,Bla,IMP-39_1130
IMP-1,Bla,IMP-4_1100
IMP-1,Bla,IMP-40_1131
IMP-1,Bla,IMP-41_1132
IMP-1,Bla,IMP-42_1133
IMP-1,Bla,IMP-43_1134
IMP-1,Bla,IMP-44_1135
IMP-1,Bla,IMP-5_1101
IMP-1,Bla,IMP-6_1102
IMP-1,Bla,IMP-7_1103
IMP-1,Bla,IMP-8_1104
IMP-1,Bla,IMP-9_1105
RmtD,AGly,RmtD_1095
RmtD,AGly,RmtD2_1096
MUS-1,Bla,MUS-1_842
SIM-1,Bla,SIM-1_843
Erm39,MLS,Erm39_840
ErmB,MLS,ErmB_841
ErmC,MLS,ErmC_853
ErmC,MLS,ErmT_854
ErmG,MLS,ErmG_855
ErmY,MLS,ErmY_844
IND,Bla,IND-11_849
IND,Bla,IND-12_850
IND,Bla,IND-15_852
IND,Bla,IND-2_845
IND,Bla,IND-2b_847
IND,Bla,IND-2c_848
IND,Bla,IND-13_846
ErmA,MLS,Erm33_856
ErmA,MLS,ErmA_857
IND-4,Bla,IND-4_858
CGB-1,Bla,CGB-1_332
KHM-1,Bla,KHM-1_331
IND-1,Bla,IND-1_334
IND-1,Bla,IND-10_341
IND-1,Bla,IND-14_342
IND-1,Bla,IND-3_335
IND-1,Bla,IND-5_336
IND-1,Bla,IND-6_337
IND-1,Bla,IND-7_338
IND-1,Bla,IND-8_339
IND-1,Bla,IND-9_340
EBR-1,Bla,EBR-1_333
VanY-M,Gly,VanY-M_328
VanR-M,Gly,VanR-M_327
VanR-D,Gly,VanR-D_330
Mbl,Bla,Mbl_329
VanR-F,Gly,VanR-F_326
VanR-L,Gly,VanR-L_325
VanRc,Gly,VanRc3_52
VanRc,Gly,VanRc4_53
VanR-A,Gly,VanR-A_54
VanR-A,Gly,VanR-Pt_55
VanR-A,Gly,VanR-Pt2_56
VanR-C,Gly,VanR-C_57
CatA10,Phe,CatA10_59
QnrB,Flq,QnrB1_1
QnrB,Flq,QnrB10_2
QnrB,Flq,QnrB12_4
QnrB,Flq,QnrB13_5
QnrB,Flq,QnrB14_6
QnrB,Flq,QnrB15_7
QnrB,Flq,QnrB17_8
QnrB,Flq,QnrB18_9
QnrB,Flq,QnrB19_10
QnrB,Flq,QnrB2_11
QnrB,Flq,QnrB20_12
QnrB,Flq,QnrB21_13
QnrB,Flq,QnrB22_14
QnrB,Flq,QnrB23_15
QnrB,Flq,QnrB24_16
QnrB,Flq,QnrB25_17
QnrB,Flq,QnrB26_18
QnrB,Flq,QnrB27_19
QnrB,Flq,QnrB28_20
QnrB,Flq,QnrB29_21
QnrB,Flq,QnrB3_22
QnrB,Flq,QnrB30_23
QnrB,Flq,QnrB31_24
QnrB,Flq,QnrB32_25
QnrB,Flq,QnrB33_26
QnrB,Flq,QnrB34_27
QnrB,Flq,QnrB35_28
QnrB,Flq,QnrB36_29
QnrB,Flq,QnrB37_30
QnrB,Flq,QnrB38_31
QnrB,Flq,QnrB4_32
QnrB,Flq,QnrB40_33
QnrB,Flq,QnrB41_34
QnrB,Flq,QnrB42_35
QnrB,Flq,QnrB43_36
QnrB,Flq,QnrB44_37
QnrB,Flq,QnrB45_38
QnrB,Flq,QnrB46_39
QnrB,Flq,QnrB47_40
QnrB,Flq,QnrB48_41
QnrB,Flq,QnrB49_42
QnrB,Flq,QnrB5_44
QnrB,Flq,QnrB53_43
QnrB,Flq,QnrB6_45
QnrB,Flq,QnrB7_46
QnrB,Flq,QnrB8_47
QnrB,Flq,QnrB9_3
VanX,Gly,VanX-Pt_343
VanX,Gly,VanXE-Pp_344
QnrC,Flq,QnrC_50
VatF,MLS,VatF_51
Cat-86,Phe,Cat-86_60
NpmA,AGly,NpmA_61
VanR-B,Gly,VanR-B_1472
VatA,MLS,VatA_1471
CatA1,Phe,CatA1_1470
CatB,Phe,CatB_1469
CatQ,Phe,CatQ_1468
Qnr-A,Flq,Qnr-A1_1461
Qnr-A,Flq,Qnr-A2_1462
Qnr-A,Flq,QnrA3_1463
Qnr-A,Flq,QnrA4_1464
Qnr-A,Flq,QnrA5_1465
Qnr-A,Flq,QnrA6_1466
Qnr-A,Flq,QnrA7_1467
Qnr-AS,Flq,Qnr-AS_1460
Qnr-S,Flq,Qnr-S1_1455
Qnr-S,Flq,Qnr-S5_1459
Qnr-S,Flq,QnrS_1458
Qnr-S,Flq,QnrS2_1456
Qnr-S,Flq,QnrS3_1457
CatA9,Phe,CatA9_1475
CatA,Phe,Cat-pC221_1183
CatA,Phe,Cat-pC223_1184
CatA,Phe,CatA7_1185
CatA,Phe,CatA8_1186
QnrD,Flq,QnrD_1187
VatE,MLS,VatE_1181
CatA2,Phe,CatA2_1182
CatA3,Phe,CatA3_1179
VatB,MLS,VatB_1180
VatC,MLS,VatC_1177
CatB7,Phe,CatB7_1178
Cat,Phe,CatD_1173
Cat,Phe,CatP_1174
Cat,Phe,CatS_1175
Aac2-Id,AGly,Aac2-Id_1176
CatB2,Phe,CatB2_604
CatBx,Phe,CatB3_601
CatBx,Phe,CatB4_602
CatBx,Phe,CatB8_603
CatB10,Phe,CatB10_606
VatD,MLS,VatD_608
CatB1,Phe,CatB1_607
CatB5,Phe,CatB5_610
CatB5,Phe,CatB9_611
VanZF-Pp,Gly,VanZF-Pp_609
VanX-Ac1,Gly,VanX-Ac1_597
VanX-Ac1,Gly,VanX-Ac2_598
VanX-Ac1,Gly,VanX-Ao1_599
VanX-Ac1,Gly,VanX-Ao2_600
CatB6,Phe,CatB6_596
VanX-M,Gly,VanX-A_1189
VanX-M,Gly,VanX-M_1188
VanX-M,Gly,VanX-Pt2_1190
VanX-B,Gly,VanX-B_1191
VanX-D,Gly,VanX-D_1192
VanX-Sc,Gly,VanX-Sc_1193
Aac2-Ib,AGly,Aac2-Ib_1194
Aac6-IIc,AGly,Aac6-IIc_1195
VanXY-L,Gly,VanXY-L_1196
VanXYc,Gly,VanXYc2-2_1197
VanXYc,Gly,VanXYc3_1198
VanXYc,Gly,VanXYc4_1199
VanX-Yc,Gly,VanX-Yc_1200
DfrA19,Tmt,DfrA19_1202
Aac6-Iai-e,AGly,Aac6-Iae_1628
Aac6-Iai-e,AGly,Aac6-Iai_1629
AacA43,AGly,AacA43_1627
DfrA10,Tmt,DfrA10_613
DfrA23,Tmt,DfrA23_612
Aac6-Ia,AGly,Aac6-Ia_620
DfrA24,Tmt,DfrA24_619
Aac,AGly,Aac_618
Aac6-32,AGly,Aac6-32_616
Aac6-32,AGly,Aac6-IIa_617
Aac6-33,AGly,Aac6-33_1667
Aac6-33,AGly,Aac6-I30_1668
Aac6-Iaf,AGly,Aac6-Iaf_1664
Aac6-Iaf,AGly,Aac6-IL_1665
Aac6-Iaf,AGly,Aac6-Iq_1666
DfrA26,Tmt,DfrA26_593
Aac2-Ie,AGly,Aac2-Ie_592
Aac6-Ii,AGly,Aac6-Ii_591
FosC,Fcyn,FosC_590
Aac2-Ic,AGly,Aac2-Ic_589
Aac6-IIb,AGly,Aac6-IIb_588
Sat3,AGly,Sat3_587
Sat4A,AGly,Sat4A_586
Aac2-Ia,AGly,Aac2-Ia_595
Aac6-Im,AGly,Aac6-Im_594
Aac3-I,AGly,Aac3-I_1083
Aac3-I,AGly,Aac3-I_1084
AadB,AGly,AadB_1085
DfrA9,Tmt,DfrA9_1087
Sat-2A,AGly,Sat-2A_1088
Erm41,MLS,Erm41_1077
DfrA20,Tmt,DfrA20_1078
DfrA8,Tmt,DfrA8_1079
Dfr,Tmt,DfrD_1080
Dfr,Tmt,DfrG_1081
Dfr,Tmt,DfrK_1082
DfrA,Tmt,DfrA22_1092
DfrA,Tmt,DfrA12_1089
DfrA,Tmt,DfrA13_1090
DfrA,Tmt,DfrA21_1091
DfrA,Tmt,DfrA33_1093
LnuC,MLS,LnuC_1094
LnuD,MLS,LnuD_1572
DfrA3,Tmt,DfrA3_1571
VanZ-A,Gly,VanZ-A_1574
LnuA,MLS,LnuA_1573
DfrC,Tmt,DfrC_1576
VanZ-Pa2,Gly,VanZ-Pa_1575
DfrA3b,Tmt,DfrA3b_1578
Aac3-Id,AGly,Aac3-Id_1577
Aac3-Ig,AGly,Aac3-Ig_1570
AadC,AGly,AadC_1569
DfrA1,Tmt,DfrA1_319
DfrA1,Tmt,DfrA15_320
DfrA1,Tmt,DfrA15b_321
DfrA5,Tmt,DfrA14_322
DfrA5,Tmt,DfrA30_323
DfrA5,Tmt,DfrA5_324
DfrA16,Tmt,DfrA16_315
DfrA7,Tmt,DfrA32_317
DfrA7,Tmt,DfrA17_316
DfrA7,Tmt,DfrA7_318
DfrA27,Tmt,DfrA27_311
DfrA27,Tmt,DfrA28_312
DfrA6,Tmt,DfrA31_313
DfrA6,Tmt,DfrA6_314
DfrA29,Tmt,DfrA29_309
Aac3-Ic,AGly,Aac3-Ic_310
Tet-34,Tet,Tet-34_307
Aac6-Iz,AGly,Aac6-Iz_308
Aac3-Ih,AGly,Aac3-Ih_279
Aac3-Ii,AGly,Aac3-Ii_278
DfrA25,Tmt,DfrA25_277
Arr,Rif,Arr2_274
Arr,Rif,Arr3_275
Arr,Rif,Arr6_276
Arr4,Rif,Arr4_283
Arr4,Rif,Arr7_284
Arr5,Rif,Arr5_282
Aac6-Id,AGly,Aac6-Id_281
VanA-G,Gly,VanA-G_280
Aac3-Ik,AGly,Aac3-Ik_273
Aac6-Ic,AGly,Aac6-Ic_272
Aac6-Ih,AGly,Aac6-Ih_752
Aac6-Ih,AGly,Aac6-Is_753
Aac6-Ih,AGly,Aac6-It_754
Aac6-Ih,AGly,Aac6-Iu_755
Aac6-Ih,AGly,Aac6-Iv_756
Aac6-Ij,AGly,Aac6-Ij_757
Aac6-Ir,AGly,Aac6-Ir_758
Aac6-Iw,AGly,Aac6-Iw_759
Aac6-Iaa,AGly,Aac6-Iaa_760
Aac6-Iaa,AGly,Aac6-Iy_761
Aac6-Ig,AGly,Aac6-Ig_762
Aac6-Ig,AGly,Aac6-Ik_763
Aac6-Iad,AGly,Aac6-Iad_764
Aac6-If,AGly,Aac6-If_765
FosB,Fcyn,FosB_750
FosA,Fcyn,FosA_751
Aac6,AGly,Aac6_1238
AacA29b,AGly,AacA29b_1237
Tet-37,Tet,Tet-37_1240
TetU,Tet,TetU_1239
DfrB,Tmt,DfrB1_1232
DfrB,Tmt,DfrB5_1233
DfrB,Tmt,DfrB6_1234
DfrB,Tmt,DfrB8_1235
DfrB2,Tmt,DfrB2_1230
DfrB2,Tmt,DfrB3_1231
DfrB4,Tmt,DfrB4_1236
Mcr1,Colistin,Mcr1-1_1835
Mcr2,Colistin,Mcr2-1_1836
Aph7,AGly,Aph7_1795
RmtB,AGly,RmtB2_1743
Aph3''Ia,AGly,Aph(3')-Ic_1728
StrB,AGly,Aph(6)-Id_1726
PBP1a,Bla,PBP1a_1757
PBP1b,Bla,PBP1b_1756
ACC-1,Bla,ACC-5_97
ACT-MIR,Bla,ACT-38_1146
NDM-1,Bla,NDM-9_1729
NDM-1,Bla,NDM-10_1730
NDM-1,Bla,NDM-12_1731
NDM-1,Bla,NDM-13_1732
NDM-1,Bla,NDM-15_1733
NDM-1,Bla,NDM-16_1734
CMY-MOX,Bla,MOX-8_101
SLB,Bla,SLB-1_1823
SFB,Bla,SFB-1_1826
SMB,Bla,SMB-1_1818
SRT-SST,Bla,SRT-1_1785
SFH,Bla,SFH-1_1822
PER-1,Bla,PER-8_1158
KPC-1,Bla,KPC-16_1701
KPC-1,Bla,KPC-17_1702
KPC-1,Bla,KPC-19_1703
KPC-1,Bla,KPC-22_1704
KPC-1,Bla,KPC-24_1705
IMP-1,Bla,IMP-49_1746
IMP-1,Bla,IMP-51_1747
IMP-1,Bla,IMP-52_1748
IMI,Bla,IMI-4_1706
IMI,Bla,IMI-7_1707
IMI,Bla,IMI-8_1708
GIM-1,Bla,GIM-2_1744
GES,Bla,GES-24_1709
GES,Bla,GES-26_1710
DHA,Bla,DHA-9_1153
FRI,Bla,FRI-1_1796
FRI,Bla,FRI-2_1797
FRI,Bla,FRI-3_1798
VCC,Bla,VCC-1_1816
BRO,Bla,BRO-1_1789
BRO,Bla,BRO-2_1790
ACT-MIR,Bla,CMH-1_1148
CGA,Bla,CGA-1_1800
CIA,Bla,CIA-1_1801
CIA,Bla,CIA-2_1802
CIA,Bla,CIA-3_1803
CIA,Bla,CIA-4_1804
SFC,Bla,SFC-1_1792
FIM,Bla,FIM-1_1819
LAP,Bla,LAP-1_1814
LAP,Bla,LAP-2_1815
BKC,Bla,BKC-1_1791
POM,Bla,POM-1_1813
ORN-PLA,Bla,ORN1a_1805
ORN-PLA,Bla,ORN1b_1806
ORN-PLA,Bla,PLA1a_1807
ORN-PLA,Bla,PLA2a_1808
SPU,Bla,SPU-1_1799
VHW,Bla,VHW-1_1809
VHW,Bla,VHH-1_1810
SRT-SST,Bla,SST-1_1786
ACT-MIR,Bla,AZECL-25_1152
CAU,Bla,CAU-1_1811
CfiA,Bla,CCR-A_1745
CEPH-AQU,Bla,CEPH_1781
BCL,Bla,BCL-1_1794
BLA,Bla,BLA-1_1793
FEZ,Bla,FEZ-1_1817
MEC,Bla,MEC-C_1758
THIN,Bla,THIN-B_1788
TEM-1D,Bla,TEM-205_1711
TEM-1D,Bla,TEM-206_1712
TEM-1D,Bla,TEM-207_1713
TEM-1D,Bla,TEM-208_1714
TEM-1D,Bla,TEM-209_1715
TEM-1D,Bla,TEM-211_1716
TEM-1D,Bla,TEM-213_1717
TEM-1D,Bla,TEM-214_1718
TEM-1D,Bla,TEM-215_1719
TEM-1D,Bla,TEM-216_1720
TEM-1D,Bla,TEM-217_1721
TEM-1D,Bla,TEM-219_1722
TEM-1D,Bla,TEM-220_1723
CMY,Bla,CMY-105_105
CMY,Bla,CMY-106_125
CMY,Bla,CMY-108_167
CMY,Bla,CMY-110_423
CMY,Bla,CMY-111_507
CMY,Bla,CMY-112_508
CMY,Bla,CMY-113_522
CMY,Bla,CMY-114_564
CMY,Bla,CMY-115_567
CMY,Bla,CMY-116_749
CMY,Bla,CMY-117_851
CMY,Bla,CMY-118_865
CMY,Bla,CMY-119_952
CMY,Bla,CMY-131_1042
CMY,Bla,CMY-132_1072
CMY,Bla,CMY-133_1086
CMY,Bla,CMY-135_1129
SME-1,Bla,SME-4_1699
SME-1,Bla,SME-5_1700
SHV-OKP-LEN,Bla,SHV-172_1201
SHV-OKP-LEN,Bla,SHV-173_1215
SHV-OKP-LEN,Bla,SHV-178_1349
SHV-OKP-LEN,Bla,SHV-179_1377
SHV-OKP-LEN,Bla,SHV-181_1382
SHV-OKP-LEN,Bla,SHV-182_1423
SHV-OKP-LEN,Bla,SHV-183_1447
SHV-OKP-LEN,Bla,SHV-185_1474
SHV-OKP-LEN,Bla,SHV-186_1487
SHV-OKP-LEN,Bla,SHV-187_1549
SHV-OKP-LEN,Bla,SHV-188_1557
SHV-OKP-LEN,Bla,SHV-189_1561
SHV-OKP-LEN,Bla,SHV-190_1604
SHV-OKP-LEN,Bla,SHV-191_1632
SHV-OKP-LEN,Bla,SHV-193_1689
OXA-61,Bla,OXA-61_1820
OXA-214,Bla,OXA-215_1727
OXA-372,Bla,OXA-372_1821
ADC,Bla,ADC-25_1764
ADC,Bla,ADC-30_1765
ADC,Bla,ADC-56_1766
ADC,Bla,ADC-58_1767
ADC,Bla,ADC-59_1768
ADC,Bla,ADC-60_1769
ADC,Bla,ADC-61_1770
ADC,Bla,ADC-62_1771
ADC,Bla,ADC-68_1772
ADC,Bla,ADC-67_1773
ADC,Bla,ADC-73_1774
ADC,Bla,ADC-74_1775
ADC,Bla,ADC-75_1776
ADC,Bla,ADC-76_1777
ADC,Bla,ADC-77_1778
ADC,Bla,ADC-78_1779
CARB,Bla,CARB-8_1157
CARB-5,Bla,CARB-8_1698
VEB-1,Bla,VEB-1a_1694
VEB-1,Bla,VEB-1b_1695
VEB-1,Bla,VEB-11_1696
VEB-1,Bla,VEB-12_1697
VIM-1,Bla,VIM-39_1737
VIM-1,Bla,VIM-42_1738
VIM-1,Bla,VIM-43_1739
VIM-1,Bla,VIM-44_1740
VIM-1,Bla,VIM-45_1741
VIM-1,Bla,VIM-46_1742
DES,Bla,DES-1_1787
SHV-OKP-LEN,Bla,LEN-26_1690
SHV-OKP-LEN,Bla,LEN-35_1691
SHV-OKP-LEN,Bla,LEN-36_1692
SHV-OKP-LEN,Bla,LEN-37_1693
CEPH-AQU,Bla,AQU1_1782
CEPH-AQU,Bla,AQU2_1783
CEPH-AQU,Bla,AQU3_1784
Pam,Bla,Pam-1_1812
Tmb,Bla,Tmb-1_1824
Tmb,Bla,Tmb-2_1825
QnrB,Flq,QnrB72_1749
QnrVC1,Flq,QnrVC1_1827
QnrVC5,Flq,QnrVC5_1829
QnrVC5,Flq,QnrVC4_1830
QnrVC1,Flq,QnrVC6_1828
QnrVC5,Flq,QnrVC7_1831
FosA2,Fcyn,FosA2_1735
FosX,Fcyn,FosX_1834
Far1,Fcd,Far1_1832
EreA,MLS,EreA2_48
ErmX,MLS,ErmCX_1725
LinB,MLS,LnuB_1736
NimB,Ntmdz,NimB_1833
OptrA,Oxzln,OptrA_1759
CmlB1,Phe,CmlB1_1763
Cmr,Phe,Cmx_58
IRI,Rif,IRI_1762
TEM-1D,Bla,TEM-99_1724
Mcr3,Colistin,Mcr3-1_1760
Mcr4,Colistin,Mcr4-1_1761
Mcr1,Colistin,Mcr1-2_1750
Mcr1,Colistin,Mcr1-3_1751
Mcr1,Colistin,Mcr1-4_1752
Mcr1,Colistin,Mcr1-5_1753
Mcr1,Colistin,Mcr1-6_1754
Mcr1,Colistin,Mcr1-7_1755
ADC,Bla,ADC-11_1780
Mcr1,Colistin,Mcr1-8_1781
Mcr1,Colistin,Mcr1-9_1782
Mcr1,Colistin,Mcr1-10_1783
Mcr1,Colistin,Mcr1-11_1784
Mcr1,Colistin,Mcr1-12_1785
Mcr2,Colistin,Mcr2-2_1786
Mcr3,Colistin,Mcr3-2_1787
Mcr3,Colistin,Mcr3-3_1788
Mcr3,Colistin,Mcr3-4_1789
Mcr3,Colistin,Mcr3-5_1790
Mcr3,Colistin,Mcr3-6_1791
Mcr3,Colistin,Mcr3-7_1792
Mcr3,Colistin,Mcr3-8_1793
Mcr3,Colistin,Mcr3-9_1794
Mcr3,Colistin,Mcr3-10_1795
Mcr3,Colistin,Mcr3-11_1796
Mcr3,Colistin,Mcr3-12_1797
Mcr4,Colistin,Mcr4-2_1798
Mcr5,Colistin,Mcr5-1_1799
Mcr5,Colistin,Mcr5-2_1800
Mcr6,Colistin,Mcr6-1_1801
Mcr7,Colistin,Mcr7-1_1802