sample_name,name,nt_rpm
MVIR1-HS1-D1ETA1-MNGS1,Betacoronavirus,12460.92044
MVIR1-HS1-D2ETA1-MNGS1,Betacoronavirus,10528.35289
MVIR1-HS1-D3ETA1-MNGS1,Betacoronavirus,401.6562858
MVIR1-HS1-D5ETA1-MNGS1,Betacoronavirus,437.6193507
MVIR1-HS1-D7ETA1-MNGS1,Betacoronavirus,424.8770135
MVIR1-HS101-D21NAS1-MNGS1,Betacoronavirus,14.51199517
MVIR1-HS101-D4NAS1-MNGS1,Betacoronavirus,162.6213766
MVIR1-HS107-D0ETA1-MNGS1,Betacoronavirus,0.782911533
MVIR1-HS107-D10ETA1-MNGS1,Betacoronavirus,0.093277361
MVIR1-HS107-D11ETA1-MNGS1,Betacoronavirus,0.056091815
MVIR1-HS107-D3ETA1-MNGS1,Betacoronavirus,0.054658396
MVIR1-HS107-D7ETA1-MNGS1,Betacoronavirus,0.037319981
MVIR1-HS107-DN1ETA1-MNGS1,Betacoronavirus,0.896674541
MVIR1-HS113-D0NAS1-MNGS1,Betacoronavirus,1415.169023
MVIR1-HS113-D10ETA1-MNGS1,Betacoronavirus,8.299911726
MVIR1-HS113-D11ETA1-MNGS1,Betacoronavirus,5.817164675
MVIR1-HS113-D3ETA1-MNGS1,Betacoronavirus,768.0856249
MVIR1-HS113-D4ETA1-MNGS1,Betacoronavirus,3268.634674
MVIR1-HS113-D6ETA1-MNGS1,Betacoronavirus,96.46506528
MVIR1-HS113-D7ETA1-MNGS1,Betacoronavirus,9.6108806
MVIR1-HS113-D9ETA1-MNGS1,Betacoronavirus,2.52471911
MVIR1-HS114-D12ETA1-MNGS1,Betacoronavirus,2762.952095
MVIR1-HS114-D13ETA1-MNGS1,Betacoronavirus,278.5692701
MVIR1-HS114-D14ETA1-MNGS1,Betacoronavirus,752.5704151
MVIR1-HS114-D15ETA1-MNGS1,Betacoronavirus,11.6352805
MVIR1-HS114-D16ETA1-MNGS1,Betacoronavirus,3.73301757
MVIR1-HS114-D17ETA1-MNGS1,Betacoronavirus,1.940609898
MVIR1-HS114-D19ETA1-MNGS1,Betacoronavirus,2.694190735
MVIR1-HS114-D3ETA1-MNGS1,Betacoronavirus,47346.98369
MVIR1-HS114-D5ETA1-MNGS1,Betacoronavirus,10001.00572
MVIR1-HS114-D6ETA1-MNGS1,Betacoronavirus,8479.124087
MVIR1-HS114-D7ETA1-MNGS1,Betacoronavirus,525579.4216
MVIR1-HS114-D9ETA1-MNGS1,Betacoronavirus,36449.65054
MVIR1-HS115-D13ETA1-MNGS1,Betacoronavirus,0.049607003
MVIR1-HS115-D17ETA1-MNGS1,Betacoronavirus,0.032029876
MVIR1-HS115-D6ETA1-MNGS1,Betacoronavirus,0.082603958
MVIR1-HS115-D7ETA1-MNGS1,Betacoronavirus,0.049452318
MVIR1-HS115-D9ETA1-MNGS1,Betacoronavirus,0.062980423
MVIR1-HS12-D0NAS1-MNGS1,Betacoronavirus,432.4438878
MVIR1-HS122-D1ETA1-MNGS1,Betacoronavirus,2766.858451
MVIR1-HS122-D4ETA1-MNGS1,Betacoronavirus,3436.762706
MVIR1-HS122-D5ETA1-MNGS1,Betacoronavirus,1867.027909
MVIR1-HS122-D6ETA1-MNGS1,Betacoronavirus,103.9635325
MVIR1-HS122-D7ETA1-MNGS1,Betacoronavirus,958.3491464
MVIR1-HS122-D8ETA1-MNGS1,Betacoronavirus,920.8171198
MVIR1-HS127-D0NAS1-MNGS1,Betacoronavirus,89043.87044
MVIR1-HS131-D4NAS1-MNGS1,Betacoronavirus,32060.53418
MVIR1-HS136-D0ETA1-MNGS1,Betacoronavirus,420.871583
MVIR1-HS139-D0NAS1-MNGS1,Betacoronavirus,0.029526823
MVIR1-HS14-D4NAS1-MNGS1,Betacoronavirus,513.291561
MVIR1-HS143-D6ETA1-MNGS1,Betacoronavirus,0.095890509
MVIR1-HS143-D7ETA1-MNGS1,Betacoronavirus,0.072577214
MVIR1-HS143-D8ETA1-MNGS1,Betacoronavirus,0.030450713
MVIR1-HS145-D0NAS1-MNGS1,Betacoronavirus,1331.254011
MVIR1-HS145-D11ETA1-MNGS1,Betacoronavirus,13.0888343
MVIR1-HS145-D1ETA1-MNGS1,Betacoronavirus,72.76738161
MVIR1-HS145-D21NAS1-MNGS1,Betacoronavirus,2.367549188
MVIR1-HS145-D22ETA1-MNGS1,Betacoronavirus,0.019178564
MVIR1-HS145-D26ETA1-MNGS1,Betacoronavirus,0.097239348
MVIR1-HS145-D2ETA1-MNGS1,Betacoronavirus,22.74570014
MVIR1-HS145-D3ETA1-MNGS1,Betacoronavirus,52.33022028
MVIR1-HS146-D0NAS1-MNGS1,Betacoronavirus,94.63714203
MVIR1-HS148-D0NAS1-MNGS1,Betacoronavirus,39.11294054
MVIR1-HS150-D0NAS1-MNGS1,Betacoronavirus,53.36599766
MVIR1-HS151-D0NAS1-MNGS1,Betacoronavirus,1.076989368
MVIR1-HS153-D0NAS1-MNGS1,Betacoronavirus,1303.457164
MVIR1-HS154-D12ETA1-MNGS1,Betacoronavirus,32.15550637
MVIR1-HS154-D13ETA1-MNGS1,Betacoronavirus,2.561354541
MVIR1-HS154-D14ETA1-MNGS1,Betacoronavirus,3.990261998
MVIR1-HS154-D14NAS1-MNGS1,Betacoronavirus,0.406640273
MVIR1-HS154-D15ETA1-MNGS1,Betacoronavirus,0.682701902
MVIR1-HS154-D16ETA1-MNGS1,Betacoronavirus,0.508161345
MVIR1-HS154-D17ETA1-MNGS1,Betacoronavirus,0.672567143
MVIR1-HS154-D19ETA1-MNGS1,Betacoronavirus,0.046157245
MVIR1-HS154-D3ETA1-MNGS1,Betacoronavirus,0.05435184
MVIR1-HS154-D4NAS1-MNGS1,Betacoronavirus,11.20988443
MVIR1-HS154-D5ETA1-MNGS1,Betacoronavirus,8204.602962
MVIR1-HS154-D6ETA1-MNGS1,Betacoronavirus,184.6515948
MVIR1-HS154-D7ETA1-MNGS1,Betacoronavirus,451.257384
MVIR1-HS154-D9ETA1-MNGS1,Betacoronavirus,70.06911693
MVIR1-HS156-D0ETA1-MNGS1,Betacoronavirus,2.577104386
MVIR1-HS156-D0NAS1-MNGS1,Betacoronavirus,18.51891666
MVIR1-HS156-D4NAS1-MNGS1,Betacoronavirus,9.670907379
MVIR1-HS156-D7NAS1-MNGS1,Betacoronavirus,0.05906756
MVIR1-HS158-D12ETA1-MNGS1,Betacoronavirus,0.749520751
MVIR1-HS158-D13ETA1-MNGS1,Betacoronavirus,0.083297571
MVIR1-HS158-D14ETA1-MNGS1,Betacoronavirus,0.78103073
MVIR1-HS158-D3ETA1-MNGS1,Betacoronavirus,208.1981954
MVIR1-HS158-D4ETA1-MNGS1,Betacoronavirus,104.0352981
MVIR1-HS158-D6ETA1-MNGS1,Betacoronavirus,494.9665863
MVIR1-HS161-D10ETA1-MNGS1,Betacoronavirus,0.171106305
MVIR1-HS161-D11ETA1-MNGS1,Betacoronavirus,0.029539788
MVIR1-HS161-D13ETA1-MNGS1,Betacoronavirus,4.130968618
MVIR1-HS161-D14NAS1-MNGS1,Betacoronavirus,101.8248493
MVIR1-HS161-D18ETA1-MNGS1,Betacoronavirus,0.286569066
MVIR1-HS161-D20ETA1-MNGS1,Betacoronavirus,0.112203127
MVIR1-HS161-D4NAS1-MNGS1,Betacoronavirus,1088.434682
MVIR1-HS162-D0NAS1-MNGS2,Betacoronavirus,79.83242793
MVIR1-HS162-D12ETA1-MNGS1,Betacoronavirus,776.4856244
MVIR1-HS162-D13ETA1-MNGS1,Betacoronavirus,759.0077355
MVIR1-HS162-D14ETA1-MNGS1,Betacoronavirus,427.3140199
MVIR1-HS162-D18ETA1-MNGS1,Betacoronavirus,62.14838829
MVIR1-HS162-D28ETA1-MNGS1,Betacoronavirus,1.844459937
MVIR1-HS162-D2ETA1-MNGS1,Betacoronavirus,22797.12497
MVIR1-HS162-D4NAS1-MNGS1,Betacoronavirus,4.673578808
MVIR1-HS162-D5ETA1-MNGS1,Betacoronavirus,26115.25888
MVIR1-HS162-D7NAS1-MNGS1,Betacoronavirus,56.26612007
MVIR1-HS165-D11ETA1-MNGS1,Betacoronavirus,885.0297894
MVIR1-HS165-D4NAS1-MNGS1,Betacoronavirus,3629.974315
MVIR1-HS165-D7NAS1-MNGS1,Betacoronavirus,289.1560442
MVIR1-HS168-D0ETA1-MNGS1,Betacoronavirus,2517.601651
MVIR1-HS168-D0NAS1-MNGS2,Betacoronavirus,2.640403229
MVIR1-HS171-D0NAS1-MNGS1,Betacoronavirus,0.014277398
MVIR1-HS171-D7NAS1-MNGS1,Betacoronavirus,0.022221128
MVIR1-HS172-D0NAS1-MNGS1,Betacoronavirus,14.28500965
MVIR1-HS172-D5ETA1-MNGS1,Betacoronavirus,6288.573072
MVIR1-HS172-D6ETA1-MNGS1,Betacoronavirus,561.3278945
MVIR1-HS173-D0NAS1-MNGS1,Betacoronavirus,0.394664204
MVIR1-HS174-D0NAS1-MNGS1,Betacoronavirus,0.198069583
MVIR1-HS175-D0NAS1-MNGS1,Betacoronavirus,131.7216826
MVIR1-HS175-D4NAS1-MNGS1,Betacoronavirus,0.058526245
MVIR1-HS175-D7NAS1-MNGS1,Betacoronavirus,0.206965948
MVIR1-HS176-D7NAS1-MNGS1,Betacoronavirus,2015.534405
MVIR1-HS178-D10ETA1-MNGS1,Betacoronavirus,6496.039033
MVIR1-HS178-D11ETA1-MNGS1,Betacoronavirus,13165.43418
MVIR1-HS178-D12ETA1-MNGS1,Betacoronavirus,1080.8115
MVIR1-HS178-D16ETA1-MNGS1,Betacoronavirus,51.14751611
MVIR1-HS178-D17ETA1-MNGS1,Betacoronavirus,89.57738557
MVIR1-HS178-D18ETA1-MNGS1,Betacoronavirus,24.01831014
MVIR1-HS178-D20ETA1-MNGS1,Betacoronavirus,1.150297792
MVIR1-HS178-D22ETA1-MNGS1,Betacoronavirus,6.659237118
MVIR1-HS178-D24ETA1-MNGS1,Betacoronavirus,931.7854499
MVIR1-HS178-D4NAS1-MNGS1,Betacoronavirus,5.454132616
MVIR1-HS178-D5ETA1-MNGS1,Betacoronavirus,70509.16862
MVIR1-HS178-D6ETA1-MNGS1,Betacoronavirus,159236.9739
MVIR1-HS178-D7NAS1-MNGS1,Betacoronavirus,1172.169526
MVIR1-HS178-D9ETA1-MNGS1,Betacoronavirus,844.08817
MVIR1-HS180-D1ETA1-MNGS1,Betacoronavirus,0.03649583
MVIR1-HS180-D3ETA1-MNGS1,Betacoronavirus,0.076658078
MVIR1-HS180-D4ETA1-MNGS1,Betacoronavirus,0.10976818
MVIR1-HS180-D6ETA1-MNGS1,Betacoronavirus,0.024134886
MVIR1-HS180-D7ETA1-MNGS1,Betacoronavirus,0.028308955
MVIR1-HS182-D0NAS1-MNGS1,Betacoronavirus,24171.20599
MVIR1-HS182-D4NAS1-MNGS1,Betacoronavirus,76124.9966
MVIR1-HS183-D0NAS1-MNGS1,Betacoronavirus,8.442656946
MVIR1-HS185-D0NAS1-MNGS1,Betacoronavirus,1.198538798
MVIR1-HS185-D2ETA1-MNGS1,Betacoronavirus,155.981177
MVIR1-HS185-D4NAS1-MNGS1,Betacoronavirus,3.719255703
MVIR1-HS185-D6ETA1-MNGS1,Betacoronavirus,14.45484692
MVIR1-HS185-D7ETA1-MNGS1,Betacoronavirus,4.171517702
MVIR1-HS185-D8ETA1-MNGS1,Betacoronavirus,72.01567076
MVIR1-HS185-M3NAS1-MNGS1,Betacoronavirus,209.0393496
MVIR1-HS185-M6NAS1-MNGS1,Betacoronavirus,6.465631488
MVIR1-HS185-M9NAS1-MNGS1,Betacoronavirus,2.336860019
MVIR1-HS187-D0NAS1-MNGS1,Betacoronavirus,2745.560305
MVIR1-HS187-D4NAS1-MNGS1,Betacoronavirus,7521.96481
MVIR1-HS188-D0NAS1-MNGS1,Betacoronavirus,140.9788003
MVIR1-HS188-D10ETA1-MNGS1,Betacoronavirus,74.23010194
MVIR1-HS188-D11ETA1-MNGS1,Betacoronavirus,9.03859232
MVIR1-HS188-D13ETA1-MNGS1,Betacoronavirus,74.39648963
MVIR1-HS188-D14NAS1-MNGS1,Betacoronavirus,1.704944875
MVIR1-HS188-D15ETA1-MNGS1,Betacoronavirus,221896.1296
MVIR1-HS188-D19ETA1-MNGS1,Betacoronavirus,1.389087754
MVIR1-HS188-D1ETA1-MNGS1,Betacoronavirus,2671.954447
MVIR1-HS188-D20ETA1-MNGS1,Betacoronavirus,0.704877287
MVIR1-HS188-D21NAS1-MNGS1,Betacoronavirus,0.018169972
MVIR1-HS188-D3ETA1-MNGS1,Betacoronavirus,690.142709
MVIR1-HS188-D4ETA1-MNGS1,Betacoronavirus,226.7995813
MVIR1-HS188-D5ETA1-MNGS1,Betacoronavirus,528.3807375
MVIR1-HS188-D6ETA1-MNGS1,Betacoronavirus,755.5736374
MVIR1-HS188-D7ETA1-MNGS1,Betacoronavirus,256.4064462
MVIR1-HS188-D7NAS1-MNGS1,Betacoronavirus,3.419985308
MVIR1-HS188-D8ETA1-MNGS1,Betacoronavirus,18.78097229
MVIR1-HS195-D0NAS1-MNGS2,Betacoronavirus,0.478537926
MVIR1-HS196-D0NAS1-MNGS1,Betacoronavirus,24.61651714
MVIR1-HS196-D10ETA1-MNGS1,Betacoronavirus,12.23721745
MVIR1-HS196-D11ETA1-MNGS1,Betacoronavirus,1.26612599
MVIR1-HS196-D12ETA1-MNGS1,Betacoronavirus,433.0172514
MVIR1-HS196-D15ETA1-MNGS1,Betacoronavirus,0.336574964
MVIR1-HS196-D17ETA1-MNGS1,Betacoronavirus,0.019823234
MVIR1-HS196-D19ETA1-MNGS1,Betacoronavirus,1.202941459
MVIR1-HS196-D1ETA1-MNGS1,Betacoronavirus,871.8238714
MVIR1-HS196-D2ETA1-MNGS1,Betacoronavirus,91.87371015
MVIR1-HS196-D4NAS1-MNGS1,Betacoronavirus,4.875168109
MVIR1-HS196-D9ETA1-MNGS1,Betacoronavirus,19.35646288
MVIR1-HS2-D0NAS1-MNGS1,Betacoronavirus,37.24313986
MVIR1-HS2-D1ETA1-MNGS1,Betacoronavirus,232.0585296
MVIR1-HS2-D2ETA1-MNGS1,Betacoronavirus,594.7877461
MVIR1-HS2-D3ETA1-MNGS1,Betacoronavirus,166.376838
MVIR1-HS2-D4ETA1-MNGS1,Betacoronavirus,25.49931991
MVIR1-HS2-D5ETA1-MNGS1,Betacoronavirus,18.81642273
MVIR1-HS200-D0NAS1-MNGS1,Betacoronavirus,0.341387083
MVIR1-HS200-D4NAS1-MNGS1,Betacoronavirus,0.283504306
MVIR1-HS203-D0NAS1-MNGS1,Betacoronavirus,0.065335333
MVIR1-HS204-D0ETA1-MNGS1,Betacoronavirus,135.8074451
MVIR1-HS204-D0NAS1-MNGS1,Betacoronavirus,3630.926153
MVIR1-HS204-D12ETA1-MNGS1,Betacoronavirus,2.282460054
MVIR1-HS204-D15ETA1-MNGS1,Betacoronavirus,57046.62833
MVIR1-HS204-D16ETA1-MNGS1,Betacoronavirus,0.0948483
MVIR1-HS204-D19ETA1-MNGS1,Betacoronavirus,0.057561369
MVIR1-HS204-D1ETA1-MNGS1,Betacoronavirus,799.712101
MVIR1-HS204-D2ETA1-MNGS1,Betacoronavirus,2218.775978
MVIR1-HS204-D3ETA1-MNGS1,Betacoronavirus,944.4876268
MVIR1-HS204-D4NAS1-MNGS1,Betacoronavirus,0.65003249
MVIR1-HS204-D5ETA1-MNGS1,Betacoronavirus,304.5588071
MVIR1-HS204-D6ETA1-MNGS1,Betacoronavirus,215.9984592
MVIR1-HS204-D7ETA1-MNGS1,Betacoronavirus,1284.779411
MVIR1-HS204-D8ETA1-MNGS1,Betacoronavirus,1.885574326
MVIR1-HS204-D9ETA1-MNGS1,Betacoronavirus,0.404151945
MVIR1-HS207-D0NAS1-MNGS1,Betacoronavirus,963.3100009
MVIR1-HS211-D0NAS1-MNGS1,Betacoronavirus,22.94247534
MVIR1-HS217-D10ETA1-MNGS1,Betacoronavirus,0.065378911
MVIR1-HS217-D21NAS1-MNGS1,Betacoronavirus,21.40897576
MVIR1-HS217-D6ETA1-MNGS1,Betacoronavirus,0.556782058
MVIR1-HS217-D7ETA1-MNGS1,Betacoronavirus,89.06906855
MVIR1-HS218-D13ETA1-MNGS1,Betacoronavirus,74.81681869
MVIR1-HS218-D14NAS1-MNGS1,Betacoronavirus,0.170702381
MVIR1-HS218-D19ETA1-MNGS1,Betacoronavirus,1.489567072
MVIR1-HS218-D4NAS1-MNGS1,Betacoronavirus,209.5398664
MVIR1-HS221-D0NAS1-MNGS1,Betacoronavirus,0.03470578
MVIR1-HS222-D0NAS1-MNGS1,Betacoronavirus,13.02361166
MVIR1-HS223-D0NAS1-MNGS1,Betacoronavirus,172.0729136
MVIR1-HS223-D1ETA1-MNGS1,Betacoronavirus,638.4888128
MVIR1-HS223-D2ETA1-MNGS1,Betacoronavirus,264.2095068
MVIR1-HS223-D3ETA1-MNGS1,Betacoronavirus,47.89724233
MVIR1-HS229-D0NAS1-MNGS1,Betacoronavirus,4.897584511
MVIR1-HS231-D0ETA1-MNGS1,Betacoronavirus,71284.73688
MVIR1-HS231-D1ETA1-MNGS1,Betacoronavirus,1125.249687
MVIR1-HS231-D2ETA1-MNGS1,Betacoronavirus,0.356502112
MVIR1-HS231-D3ETA1-MNGS1,Betacoronavirus,1024.299496
MVIR1-HS231-D7ETA1-MNGS1,Betacoronavirus,30.84549382
MVIR1-HS231-D9ETA1-MNGS1,Betacoronavirus,256.7407896
MVIR1-HS233-D0NAS1-MNGS1,Betacoronavirus,0.171954256
MVIR1-HS233-D14NAS1-MNGS1,Betacoronavirus,0.029584956
MVIR1-HS233-D1ETA1-MNGS1,Betacoronavirus,2480.431297
MVIR1-HS233-D3ETA1-MNGS1,Betacoronavirus,13.86425801
MVIR1-HS234-D0ETA1-MNGS1,Betacoronavirus,1.100840639
MVIR1-HS234-D1ETA1-MNGS1,Betacoronavirus,0.027405598
MVIR1-HS234-D2ETA1-MNGS1,Betacoronavirus,0.067245077
MVIR1-HS234-D3ETA1-MNGS1,Betacoronavirus,0.024673393
MVIR1-HS234-D7ETA1-MNGS1,Betacoronavirus,32.33151105
MVIR1-HS236-D0NAS1-MNGS1,Betacoronavirus,49.70787837
MVIR1-HS236-D21NAS1-MNGS1,Betacoronavirus,234.4679133
MVIR1-HS236-D23ETA1-MNGS1,Betacoronavirus,1.015686114
MVIR1-HS236-D28ETA1-MNGS1,Betacoronavirus,0.025854188
MVIR1-HS236-D7ETA1-MNGS1,Betacoronavirus,64.65547215
MVIR1-HS236-D7NAS1-MNGS1,Betacoronavirus,97.71659498
MVIR1-HS236-D8ETA1-MNGS1,Betacoronavirus,110.9102916
MVIR1-HS236-D9ETA1-MNGS1,Betacoronavirus,0.177450354
MVIR1-HS237-D0NAS1-MNGS1,Betacoronavirus,35.99840775
MVIR1-HS237-D21NAS1-MNGS1,Betacoronavirus,0.041718791
MVIR1-HS237-D7NAS1-MNGS1,Betacoronavirus,0.101042063
MVIR1-HS238-D0ETA1-MNGS1,Betacoronavirus,0.049055136
MVIR1-HS238-D0NAS1-MNGS1,Betacoronavirus,14.48196038
MVIR1-HS238-D10ETA1-MNGS1,Betacoronavirus,7.908340105
MVIR1-HS238-D14NAS1-MNGS1,Betacoronavirus,0.110914386
MVIR1-HS238-D19ETA1-MNGS1,Betacoronavirus,0.473172761
MVIR1-HS238-D1ETA1-MNGS1,Betacoronavirus,107.0210305
MVIR1-HS238-D21NAS1-MNGS1,Betacoronavirus,0.056541434
MVIR1-HS238-D2ETA1-MNGS1,Betacoronavirus,75.26453305
MVIR1-HS238-D3ETA1-MNGS1,Betacoronavirus,65.28447472
MVIR1-HS238-D4NAS1-MNGS1,Betacoronavirus,0.564553487
MVIR1-HS238-D5ETA1-MNGS1,Betacoronavirus,79935.53612
MVIR1-HS238-D6ETA1-MNGS1,Betacoronavirus,0.177517324
MVIR1-HS238-D7ETA1-MNGS1,Betacoronavirus,6.87536427
MVIR1-HS238-D8ETA1-MNGS1,Betacoronavirus,2.030926094
MVIR1-HS238-D9ETA1-MNGS1,Betacoronavirus,189.9845131
MVIR1-HS24-D11ETA1-MNGS1,Betacoronavirus,0.051633018
MVIR1-HS24-D12ETA1-MNGS1,Betacoronavirus,0.063376979
MVIR1-HS24-D17ETA1-MNGS1,Betacoronavirus,0.069629737
MVIR1-HS24-D1ETA1-MNGS1,Betacoronavirus,0.170239744
MVIR1-HS24-D21ETA1-MNGS1,Betacoronavirus,0.04070395
MVIR1-HS24-D22ETA1-MNGS1,Betacoronavirus,0.027219301
MVIR1-HS24-D23ETA1-MNGS1,Betacoronavirus,0.033722056
MVIR1-HS24-D26ETA1-MNGS1,Betacoronavirus,0.28265785
MVIR1-HS24-D29ETA1-MNGS1,Betacoronavirus,0.036964741
MVIR1-HS24-D2ETA1-MNGS1,Betacoronavirus,0.117055049
MVIR1-HS24-D31ETA1-MNGS1,Betacoronavirus,0.14099129
MVIR1-HS24-D32ETA1-MNGS1,Betacoronavirus,0.11303539
MVIR1-HS24-D5ETA1-MNGS1,Betacoronavirus,0.047579455
MVIR1-HS24-D9ETA1-MNGS1,Betacoronavirus,0.119082068
MVIR1-HS242-D0NAS1-MNGS1,Betacoronavirus,2.964042745
MVIR1-HS242-D1NAS1-MNGS1,Betacoronavirus,1.775749833
MVIR1-HS242-D7NAS1-MNGS1,Betacoronavirus,0.382725903
MVIR1-HS243-D0NAS1-MNGS1,Betacoronavirus,0.908730308
MVIR1-HS243-D4ETA1-MNGS1,Betacoronavirus,76.43270909
MVIR1-HS243-D4NAS1-MNGS1,Betacoronavirus,38.5375671
MVIR1-HS243-D5ETA1-MNGS1,Betacoronavirus,0.669205806
MVIR1-HS243-D6ETA1-MNGS1,Betacoronavirus,15.79476879
MVIR1-HS243-D7ETA1-MNGS1,Betacoronavirus,0.065432172
MVIR1-HS243-D8ETA1-MNGS1,Betacoronavirus,14.88567121
MVIR1-HS244-D4NAS1-MNGS1,Betacoronavirus,93.56471652
MVIR1-HS244-D5ETA1-MNGS1,Betacoronavirus,0.065822482
MVIR1-HS244-D6ETA1-MNGS1,Betacoronavirus,6080.79277
MVIR1-HS244-D8ETA1-MNGS1,Betacoronavirus,4452.592055
MVIR1-HS245-D0NAS1-MNGS1,Betacoronavirus,777.3796199
MVIR1-HS249-D0NAS1-MNGS1,Betacoronavirus,10.62440983
MVIR1-HS250-D10ETA1-MNGS1,Betacoronavirus,0.13294326
MVIR1-HS250-D12NAS1-MNGS1,Betacoronavirus,0.075717237
MVIR1-HS250-D14NAS1-MNGS1,Betacoronavirus,1.505166081
MVIR1-HS250-D18ETA1-MNGS2,Betacoronavirus,0.027614811
MVIR1-HS250-D4NAS1-MNGS1,Betacoronavirus,0.417662449
MVIR1-HS253-D3ETA1-MNGS1,Betacoronavirus,6.005346236
MVIR1-HS253-D4NAS1-MNGS1,Betacoronavirus,533.5159885
MVIR1-HS254-D0ETA1-MNGS1,Betacoronavirus,0.016218871
MVIR1-HS254-D0NAS1-MNGS1,Betacoronavirus,0.522463591
MVIR1-HS254-D12ETA1-MNGS1,Betacoronavirus,0.065691995
MVIR1-HS254-D14ETA1-MNGS1,Betacoronavirus,1.879689886
MVIR1-HS254-D2ETA1-MNGS1,Betacoronavirus,9.50361914
MVIR1-HS254-D3ETA1-MNGS1,Betacoronavirus,3.980636533
MVIR1-HS254-D4ETA1-MNGS1,Betacoronavirus,0.857008266
MVIR1-HS256-D0NAS1-MNGS1,Betacoronavirus,252.6769245
MVIR1-HS258-D0NAS1-MNGS1,Betacoronavirus,16.94408645
MVIR1-HS260-D0NAS1-MNGS1,Betacoronavirus,106.7088739
MVIR1-HS261-D0NAS1-MNGS1,Betacoronavirus,9.047847363
MVIR1-HS264-D0NAS1-MNGS1,Betacoronavirus,0.456424009
MVIR1-HS264-D12NAS1-MNGS1,Betacoronavirus,2.84347084
MVIR1-HS264-D21NAS1-MNGS1,Betacoronavirus,0.346416658
MVIR1-HS264-D7NAS1-MNGS2,Betacoronavirus,0.05536843
MVIR1-HS264-D9ETA1-MNGS1,Betacoronavirus,0.119546375
MVIR1-HS266-D0NAS1-MNGS1,Betacoronavirus,142.2343702
MVIR1-HS271-D0NAS1-MNGS1,Betacoronavirus,7.170200253
MVIR1-HS271-D11ETA1-MNGS1,Betacoronavirus,0.262002787
MVIR1-HS271-D3ETA1-MNGS1,Betacoronavirus,0.026741712
MVIR1-HS271-D3NAS1-MNGS1,Betacoronavirus,0.111913982
MVIR1-HS271-D4ETA1-MNGS1,Betacoronavirus,0.056395233
MVIR1-HS271-D4NAS1-MNGS1,Betacoronavirus,0.79301505
MVIR1-HS273-D0ETA1-MNGS1,Betacoronavirus,9903.807902
MVIR1-HS276-D11ETA1-MNGS1,Betacoronavirus,0.168364076
MVIR1-HS276-D4ETA1-MNGS1,Betacoronavirus,43.48978217
MVIR1-HS276-D9ETA1-MNGS1,Betacoronavirus,0.020868781
MVIR1-HS285-D9ETA1-MNGS1,Betacoronavirus,0.070313092
MVIR1-HS287-D0NAS1-MNGS1,Betacoronavirus,80.79689424
MVIR1-HS288-D7NAS1-MNGS1,Betacoronavirus,0.844044795
MVIR1-HS289-D4NAS1-MNGS1,Betacoronavirus,0.022541672
MVIR1-HS290-D0NAS1-MNGS1,Betacoronavirus,4.72914139
MVIR1-HS290-D5ETA1-MNGS2,Betacoronavirus,8.490774803
MVIR1-HS290-D7NAS1-MNGS1,Betacoronavirus,75.5817729
MVIR1-HS290-D8ETA1-MNGS1,Betacoronavirus,64954.14107
MVIR1-HS290-D9ETA1-MNGS1,Betacoronavirus,51900.39595
MVIR1-HS291-D4NAS1-MNGS1,Betacoronavirus,0.044264244
MVIR1-HS291-D5ETA1-MNGS1,Betacoronavirus,0.059714776
MVIR1-HS292-D15ETA1-MNGS2,Betacoronavirus,0.041063057
MVIR1-HS292-D18ETA1-MNGS1,Betacoronavirus,0.044115169
MVIR1-HS292-D24ETA1-MNGS1,Betacoronavirus,0.028991823
MVIR1-HS292-D26ETA1-MNGS2,Betacoronavirus,0.125552276
MVIR1-HS292-D7NAS1-MNGS1,Betacoronavirus,0.086866391
MVIR1-HS293-D0NAS1-MNGS1,Betacoronavirus,0.226341179
MVIR1-HS294-D0NAS1-MNGS1,Betacoronavirus,0.070851673
MVIR1-HS306-D7NAS1-MNGS1,Betacoronavirus,0.487247099
MVIR1-HS307-D0NAS1-MNGS1,Betacoronavirus,11407.75821
MVIR1-HS308-D0NAS1-MNGS1,Betacoronavirus,6.680456328
MVIR1-HS31-D12ETA1-MNGS1,Betacoronavirus,0.065632091
MVIR1-HS31-D14ETA1-MNGS1,Betacoronavirus,0.037198113
MVIR1-HS31-D15ETA1-MNGS1,Betacoronavirus,0.079468063
MVIR1-HS31-D18ETA1-MNGS1,Betacoronavirus,0.044607072
MVIR1-HS31-D21ETA1-MNGS1,Betacoronavirus,0.053176748
MVIR1-HS31-D22ETA1-MNGS1,Betacoronavirus,0.083396061
MVIR1-HS31-D3ETA1-MNGS1,Betacoronavirus,1.344193451
MVIR1-HS31-D4ETA1-MNGS1,Betacoronavirus,0.775766302
MVIR1-HS31-D7ETA1-MNGS1,Betacoronavirus,0.147122808
MVIR1-HS310-D0NAS1-MNGS1,Betacoronavirus,1468.928253
MVIR1-HS313-D0NAS1-MNGS1,Betacoronavirus,285.5142468
MVIR1-HS313-D4NAS1-MNGS1,Betacoronavirus,0.31660301
MVIR1-HS314-D0NAS1-MNGS1,Betacoronavirus,5.498304766
MVIR1-HS316-D0NAS1-MNGS1,Betacoronavirus,57.25248978
MVIR1-HS317-D0NAS1-MNGS1,Betacoronavirus,0.036249138
MVIR1-HS318-D0NAS1-MNGS1,Betacoronavirus,5.509886179
MVIR1-HS320-D10ETA1-MNGS1,Betacoronavirus,64.94386875
MVIR1-HS320-D12ETA1-MNGS1,Betacoronavirus,0.032040397
MVIR1-HS320-D5ETA1-MNGS1,Betacoronavirus,113.0250075
MVIR1-HS320-D7ETA1-MNGS2,Betacoronavirus,1195.168283
MVIR1-HS326-D10ETA1-MNGS1,Betacoronavirus,0.01610187
MVIR1-HS326-D13ETA1-MNGS1,Betacoronavirus,0.758998925
MVIR1-HS326-D15ETA1-MNGS1,Betacoronavirus,0.463183636
MVIR1-HS326-D16ETA1-MNGS1,Betacoronavirus,0.133451085
MVIR1-HS326-D17ETA1-MNGS1,Betacoronavirus,0.023573964
MVIR1-HS326-D21ETA1-MNGS1,Betacoronavirus,0.054894259
MVIR1-HS326-D5ETA1-MNGS1,Betacoronavirus,0.955749452
MVIR1-HS326-D6ETA1-MNGS1,Betacoronavirus,42.81078786
MVIR1-HS326-D6NAS1-MNGS1,Betacoronavirus,0.364411257
MVIR1-HS326-D7ETA1-MNGS1,Betacoronavirus,19.26980428
MVIR1-HS340-D2ETA1-MNGS1,Betacoronavirus,278.2261042
MVIR1-HS341-D0NAS1-MNGS1,Betacoronavirus,24586.84723
MVIR1-HS341-D4NAS1-MNGS1,Betacoronavirus,1838.327606
MVIR1-HS341-D7NAS1-MNGS1,Betacoronavirus,49179.00827
MVIR1-HS342-D12ETA1-MNGS1,Betacoronavirus,0.033648565
MVIR1-HS344-D4NAS1-MNGS1,Betacoronavirus,0.596585829
MVIR1-HS349-D0NAS1-MNGS1,Betacoronavirus,0.117623349
MVIR1-HS354-D18ETA1-MNGS1,Betacoronavirus,0.018065493
MVIR1-HS357-D14NAS1-MNGS1,Betacoronavirus,1732.039264
MVIR1-HS357-D17ETA1-MNGS1,Betacoronavirus,0.11217591
MVIR1-HS357-D23ETA1-MNGS1,Betacoronavirus,0.256768606
MVIR1-HS357-D6ETA1-MNGS1,Betacoronavirus,40.29377146
MVIR1-HS357-D8ETA1-MNGS1,Betacoronavirus,16.16086303
MVIR1-HS361-D0NAS1-MNGS1,Betacoronavirus,0.243929516
MVIR1-HS365-D0NAS1-MNGS1,Betacoronavirus,0.050153761
MVIR1-HS365-D28NAS1-MNGS1,Betacoronavirus,0.095550862
MVIR1-HS366-D0NAS1-MNGS1,Betacoronavirus,2.122036715
MVIR1-HS369-D0ETA1-MNGS1,Betacoronavirus,0.023132426
MVIR1-HS370-D0NAS1-MNGS1,Betacoronavirus,0.037589942
MVIR1-HS373-D2ETA1-MNGS1,Betacoronavirus,0.089800146
MVIR1-HS374-D0NAS1-MNGS1,Betacoronavirus,13638.81921
MVIR1-HS374-D12ETA1-MNGS1,Betacoronavirus,73660.2333
MVIR1-HS374-D14NAS1-MNGS1,Betacoronavirus,149985.0686
MVIR1-HS374-D15ETA1-MNGS1,Betacoronavirus,572500.3916
MVIR1-HS374-D16ETA1-MNGS1,Betacoronavirus,24143.47895
MVIR1-HS374-D21NAS1-MNGS1,Betacoronavirus,135.7608373
MVIR1-HS374-D24ETA1-MNGS1,Betacoronavirus,692.4450383
MVIR1-HS374-D28NAS1-MNGS1,Betacoronavirus,14.06371483
MVIR1-HS374-D4NAS1-MNGS1,Betacoronavirus,34320.87323
MVIR1-HS374-D7NAS1-MNGS1,Betacoronavirus,115.082322
MVIR1-HS379-D0NAS1-MNGS1,Betacoronavirus,12.23720281
MVIR1-HS38-D1ETA1-MNGS1,Betacoronavirus,0.249093688
MVIR1-HS380-D0NAS1-MNGS1,Betacoronavirus,0.10737208
MVIR1-HS383-D0NAS1-MNGS1,Betacoronavirus,0.029634913
MVIR1-HS386-D0NAS1-MNGS1,Betacoronavirus,0.064249421
MVIR1-HS387-D2ETA1-MNGS1,Betacoronavirus,0.060052295
MVIR1-HS387-D4NAS1-MNGS1,Betacoronavirus,18.38026519
MVIR1-HS388-D0ETA1-MNGS1,Betacoronavirus,130.7440625
MVIR1-HS388-D0NAS1-MNGS1,Betacoronavirus,8.116618469
MVIR1-HS389-D0NAS1-MNGS1,Betacoronavirus,436.0907134
MVIR1-HS389-D2ETA1-MNGS1,Betacoronavirus,8250.228802
MVIR1-HS390-D0NAS1-MNGS1,Betacoronavirus,139.330544
MVIR1-HS391-D0NAS1-MNGS1,Betacoronavirus,5348.498736
MVIR1-HS393-D0NAS1-MNGS1,Betacoronavirus,0.483079675
MVIR1-HS394-D0NAS1-MNGS1,Betacoronavirus,66.87039787
MVIR1-HS396-D0NAS1-MNGS1,Betacoronavirus,209.3533291
MVIR1-HS397-D0NAS1-MNGS1,Betacoronavirus,1.430926962
MVIR1-HS398-D0NAS1-MNGS1,Betacoronavirus,1490.031439
MVIR1-HS398-D14NAS1-MNGS1,Betacoronavirus,31.55860261
MVIR1-HS398-D4ETA1-MNGS1,Betacoronavirus,922.2535781
MVIR1-HS398-D7NAS1-MNGS1,Betacoronavirus,0.405641052
MVIR1-HS399-D0NAS1-MNGS1,Betacoronavirus,999.5062078
MVIR1-HS399-D4NAS1-MNGS1,Betacoronavirus,0.625810234
MVIR1-HS400-D3ETA1-MNGS1,Betacoronavirus,0.037021537
MVIR1-HS401-D0NAS1-MNGS1,Betacoronavirus,341.7015845
MVIR1-HS402-D0NAS1-MNGS1,Betacoronavirus,267.3730385
MVIR1-HS402-D4NAS1-MNGS1,Betacoronavirus,243.3368936
MVIR1-HS404-D0NAS1-MNGS1,Betacoronavirus,32.88294243
MVIR1-HS404-D14NAS1-MNGS1,Betacoronavirus,11.02660832
MVIR1-HS404-D4NAS1-MNGS1,Betacoronavirus,0.255662179
MVIR1-HS405-D0NAS1-MNGS1,Betacoronavirus,19.78832853
MVIR1-HS405-D4NAS1-MNGS1,Betacoronavirus,10.6902861
MVIR1-HS406-D0NAS1-MNGS1,Betacoronavirus,1.610057599
MVIR1-HS407-D0NAS1-MNGS1,Betacoronavirus,21.58488524
MVIR1-HS407-D4NAS1-MNGS1,Betacoronavirus,104.2793668
MVIR1-HS410-D0NAS1-MNGS1,Betacoronavirus,2.531630038
MVIR1-HS410-D15ETA1-MNGS1,Betacoronavirus,0.917602436
MVIR1-HS410-D1ETA1-MNGS1,Betacoronavirus,5012.99518
MVIR1-HS410-D4ETA1-MNGS1,Betacoronavirus,50.63604861
MVIR1-HS410-D4NAS1-MNGS1,Betacoronavirus,9.14616108
MVIR1-HS410-D6ETA1-MNGS1,Betacoronavirus,27.158864
MVIR1-HS411-D0NAS1-MNGS1,Betacoronavirus,7058.752676
MVIR1-HS412-D0NAS1-MNGS1,Betacoronavirus,98.45834963
MVIR1-HS412-D17ETA1-MNGS1,Betacoronavirus,1.873541565
MVIR1-HS412-D1ETA1-MNGS1,Betacoronavirus,70679.74349
MVIR1-HS412-D3ETA1-MNGS1,Betacoronavirus,16338.91172
MVIR1-HS412-D4NAS1-MNGS1,Betacoronavirus,169.2424906
MVIR1-HS412-D5ETA1-MNGS1,Betacoronavirus,267.5079376
MVIR1-HS412-D7NAS1-MNGS1,Betacoronavirus,2.658686285
MVIR1-HS414-D0NAS1-MNGS1,Betacoronavirus,2147.874341
MVIR1-HS414-D13ETA1-MNGS1,Betacoronavirus,129575.135
MVIR1-HS414-D4ETA1-MNGS1,Betacoronavirus,42375.37753
MVIR1-HS415-D4ETA1-MNGS1,Betacoronavirus,322.6982204
MVIR1-HS416-D0NAS1-MNGS1,Betacoronavirus,28.64632151
MVIR1-HS416-D4NAS1-MNGS1,Betacoronavirus,0.020368668
MVIR1-HS417-D0NAS1-MNGS1,Betacoronavirus,1.909346537
MVIR1-HS419-D10ETA1-MNGS1,Betacoronavirus,0.079504041
MVIR1-HS419-D3ETA1-MNGS1,Betacoronavirus,3.290935777
MVIR1-HS419-D5ETA1-MNGS1,Betacoronavirus,3.019137341
MVIR1-HS422-DN1ETA1-MNGS1,Betacoronavirus,0.055141167
MVIR1-HS427-D10ETA1-MNGS1,Betacoronavirus,0.258686432
MVIR1-HS427-D19ETA1-MNGS1,Betacoronavirus,0.130545041
MVIR1-HS427-D7ETA1-MNGS1,Betacoronavirus,5.41182011
MVIR1-HS43-DN1ETA1-MNGS1,Betacoronavirus,790.2746612
MVIR1-HS430-D2ETA1-MNGS1,Betacoronavirus,0.035651149
MVIR1-HS432-D0ETA1-MNGS1,Betacoronavirus,0.039297569
MVIR1-HS432-D3ETA1-MNGS1,Betacoronavirus,0.037838272
MVIR1-HS432-D4NAS1-MNGS1,Betacoronavirus,0.018440324
MVIR1-HS440-D2ETA1-MNGS1,Betacoronavirus,0.025078148
MVIR1-HS441-D0NAS1-MNGS1,Betacoronavirus,5.328464551
MVIR1-HS441-D10ETA1-MNGS1,Betacoronavirus,1077.302932
MVIR1-HS441-D14NAS1-MNGS1,Betacoronavirus,1.63947963
MVIR1-HS441-D4NAS1-MNGS1,Betacoronavirus,18.73603712
MVIR1-HS441-D6ETA1-MNGS1,Betacoronavirus,800.838388
MVIR1-HS442-D0NAS1-MNGS1,Betacoronavirus,1.499922695
MVIR1-HS442-D2ETA1-MNGS1,Betacoronavirus,0.046184238
MVIR1-HS447-D5ETA1-MNGS1,Betacoronavirus,0.047182256
MVIR1-HS450-D0ETA1-MNGS1,Betacoronavirus,2674.151849
MVIR1-HS450-D0NAS1-MNGS1,Betacoronavirus,60.70015768
MVIR1-HS450-D4ETA1-MNGS1,Betacoronavirus,69.35176515
MVIR1-HS450-D4NAS1-MNGS1,Betacoronavirus,124.7393288
MVIR1-HS450-D7NAS1-MNGS1,Betacoronavirus,0.650330182
MVIR1-HS453-D0NAS1-MNGS1,Betacoronavirus,3124.804026
MVIR1-HS453-D7NAS1-MNGS1,Betacoronavirus,570.6235095
MVIR1-HS454-D4NAS1-MNGS2,Betacoronavirus,0.176092895
MVIR1-HS455-D0NAS1-MNGS1,Betacoronavirus,0.040345789
MVIR1-HS455-D4NAS1-MNGS1,Betacoronavirus,1.801760961
MVIR1-HS458-D14NAS1-MNGS1,Betacoronavirus,0.018972863
MVIR1-HS458-D4NAS1-MNGS1,Betacoronavirus,0.223065499
MVIR1-HS458-D7NAS1-MNGS1,Betacoronavirus,0.060936387
MVIR1-HS459-D0NAS1-MNGS1,Betacoronavirus,13.46769982
MVIR1-HS463-D2ETA1-MNGS1,Betacoronavirus,0.15523374
MVIR1-HS463-D4NAS1-MNGS1,Betacoronavirus,1.419645174
MVIR1-HS464-D0NAS1-MNGS1,Betacoronavirus,1853.963255
MVIR1-HS464-D4NAS1-MNGS1,Betacoronavirus,282.9218315
MVIR1-HS468-D0NAS1-MNGS1,Betacoronavirus,15245.694
MVIR1-HS469-D0NAS1-MNGS1,Betacoronavirus,0.292667553
MVIR1-HS469-D14ETA1-MNGS1,Betacoronavirus,0.251900812
MVIR1-HS469-D14NAS1-MNGS1,Betacoronavirus,0.164071571
MVIR1-HS469-D4ETA1-MNGS2,Betacoronavirus,768.9311001
MVIR1-HS469-D4NAS1-MNGS1,Betacoronavirus,0.708919162
MVIR1-HS469-D7ETA1-MNGS1,Betacoronavirus,10.50804725
MVIR1-HS47-D10ETA1-MNGS1,Betacoronavirus,9.480732675
MVIR1-HS47-D11ETA1-MNGS1,Betacoronavirus,23.15098351
MVIR1-HS47-D13ETA1-MNGS1,Betacoronavirus,23.62019956
MVIR1-HS47-D14ETA1-MNGS1,Betacoronavirus,0.330724625
MVIR1-HS47-D15ETA1-MNGS1,Betacoronavirus,3.214682096
MVIR1-HS47-D17ETA1-MNGS1,Betacoronavirus,1.152959124
MVIR1-HS47-D18ETA1-MNGS1,Betacoronavirus,1.559724621
MVIR1-HS47-D19ETA1-MNGS1,Betacoronavirus,33.2891299
MVIR1-HS47-D20ETA1-MNGS1,Betacoronavirus,8.685337661
MVIR1-HS47-D21ETA1-MNGS1,Betacoronavirus,2.449899768
MVIR1-HS47-D2ETA1-MNGS1,Betacoronavirus,872551.869
MVIR1-HS47-D3ETA1-MNGS1,Betacoronavirus,134527.8143
MVIR1-HS47-D5ETA1-MNGS1,Betacoronavirus,6218.931833
MVIR1-HS47-D6ETA1-MNGS1,Betacoronavirus,612.3293508
MVIR1-HS47-D7ETA1-MNGS1,Betacoronavirus,4.247150162
MVIR1-HS47-D8ETA1-MNGS1,Betacoronavirus,320.8162907
MVIR1-HS47-D9ETA1-MNGS1,Betacoronavirus,235.4992333
MVIR1-HS471-D0NAS1-MNGS1,Betacoronavirus,0.478508869
MVIR1-HS471-D11ETA1-MNGS1,Betacoronavirus,0.023723402
MVIR1-HS471-D2ETA1-MNGS1,Betacoronavirus,0.23715103
MVIR1-HS472-D3ETA1-MNGS1,Betacoronavirus,1.103730175
MVIR1-HS473-D11ETA1-MNGS1,Betacoronavirus,166.7055984
MVIR1-HS473-D4ETA1-MNGS1,Betacoronavirus,30416.15058
MVIR1-HS473-D4NAS1-MNGS1,Betacoronavirus,99.86267263
MVIR1-HS473-D7NAS1-MNGS1,Betacoronavirus,2082.711916
MVIR1-HS474-D14NAS1-MNGS1,Betacoronavirus,0.122057037
MVIR1-HS474-D17ETA1-MNGS1,Betacoronavirus,0.094950607
MVIR1-HS474-D4NAS1-MNGS1,Betacoronavirus,90.02621954
MVIR1-HS474-D7ETA1-MNGS1,Betacoronavirus,344.8823903
MVIR1-HS474-D7NAS1-MNGS1,Betacoronavirus,73.13704202
MVIR1-HS476-D0NAS1-MNGS1,Betacoronavirus,25322.34679
MVIR1-HS476-D14NAS1-MNGS1,Betacoronavirus,2.299231529
MVIR1-HS476-D4NAS1-MNGS1,Betacoronavirus,21644.77168
MVIR1-HS476-D7NAS1-MNGS1,Betacoronavirus,461.6747366
MVIR1-HS477-D0NAS1-MNGS1,Betacoronavirus,450.2576382
MVIR1-HS477-D14NAS1-MNGS1,Betacoronavirus,3.368362436
MVIR1-HS477-D17ETA1-MNGS1,Betacoronavirus,2.394588257
MVIR1-HS477-D6ETA1-MNGS1,Betacoronavirus,32.86600822
MVIR1-HS477-D7NAS1-MNGS1,Betacoronavirus,1036.557009
MVIR1-HS477-D8ETA1-MNGS1,Betacoronavirus,67.95209144
MVIR1-HS478-D4NAS1-MNGS1,Betacoronavirus,1.752089478
MVIR1-HS482-D2ETA1-MNGS1,Betacoronavirus,0.104513357
MVIR1-HS486-D14NAS1-MNGS1,Betacoronavirus,4167.337438
MVIR1-HS486-D4NAS1-MNGS1,Betacoronavirus,23.7363061
MVIR1-HS487-D4NAS1-MNGS1,Betacoronavirus,3.569034196
MVIR1-HS487-D7NAS1-MNGS1,Betacoronavirus,0.076564655
MVIR1-HS488-D0NAS1-MNGS1,Betacoronavirus,3.519246839
MVIR1-HS489-D0NAS1-MNGS1,Betacoronavirus,0.036384787
MVIR1-HS489-D14ETA1-MNGS1,Betacoronavirus,0.230915183
MVIR1-HS489-D7NAS1-MNGS1,Betacoronavirus,1.084882345
MVIR1-HS490-D0NAS1-MNGS1,Betacoronavirus,0.138623788
MVIR1-HS491-D0NAS1-MNGS1,Betacoronavirus,12.88125712
MVIR1-HS493-D4NAS1-MNGS1,Betacoronavirus,2898.500747
MVIR1-HS493-D7NAS1-MNGS1,Betacoronavirus,413.0474019
MVIR1-HS494-D2ETA1-MNGS1,Betacoronavirus,5.243398561
MVIR1-HS496-D4NAS1-MNGS1,Betacoronavirus,39.63088816
MVIR1-HS496-D7NAS1-MNGS1,Betacoronavirus,2.793501564
MVIR1-HS497-D0NAS1-MNGS1,Betacoronavirus,1336.882596
MVIR1-HS497-D14NAS1-MNGS1,Betacoronavirus,127.8971274
MVIR1-HS498-D10ETA1-MNGS1,Betacoronavirus,261.2738094
MVIR1-HS498-D14NAS1-MNGS1,Betacoronavirus,18.05922893
MVIR1-HS498-D17ETA1-MNGS1,Betacoronavirus,0.56589081
MVIR1-HS498-D7NAS1-MNGS1,Betacoronavirus,627.6531164
MVIR1-HS499-D14NAS1-MNGS1,Betacoronavirus,66.91369242
MVIR1-HS499-D7NAS1-MNGS1,Betacoronavirus,828.6350672
MVIR1-HS5-D1NAS1-MNGS1,Betacoronavirus,156.0232011
MVIR1-HS5-D3NAS1-MNGS1,Betacoronavirus,68.02123267
MVIR1-HS50-D0ETA1-MNGS1,Betacoronavirus,65.02981548
MVIR1-HS50-D10ETA1-MNGS1,Betacoronavirus,0.311790555
MVIR1-HS50-D11ETA1-MNGS1,Betacoronavirus,0.227268771
MVIR1-HS50-D12ETA1-MNGS1,Betacoronavirus,0.14823724
MVIR1-HS50-D13ETA1-MNGS1,Betacoronavirus,0.321742144
MVIR1-HS50-D14ETA1-MNGS1,Betacoronavirus,0.440356742
MVIR1-HS50-D15ETA1-MNGS1,Betacoronavirus,0.043441119
MVIR1-HS50-D16ETA1-MNGS1,Betacoronavirus,1.70309496
MVIR1-HS50-D17ETA1-MNGS1,Betacoronavirus,0.394475962
MVIR1-HS50-D18ETA1-MNGS1,Betacoronavirus,2.215169216
MVIR1-HS50-D19ETA1-MNGS1,Betacoronavirus,0.060100822
MVIR1-HS50-D1ETA1-MNGS1,Betacoronavirus,11.97637289
MVIR1-HS50-D20ETA1-MNGS1,Betacoronavirus,10.38386972
MVIR1-HS50-D21ETA1-MNGS1,Betacoronavirus,0.636193805
MVIR1-HS50-D23ETA1-MNGS1,Betacoronavirus,0.872289498
MVIR1-HS50-D3ETA1-MNGS1,Betacoronavirus,39.07128077
MVIR1-HS50-D4ETA1-MNGS1,Betacoronavirus,0.073063887
MVIR1-HS50-D9ETA1-MNGS1,Betacoronavirus,2.978502831
MVIR1-HS502-D0NAS1-MNGS1,Betacoronavirus,1618.531968
MVIR1-HS502-D4NAS1-MNGS1,Betacoronavirus,0.027334001
MVIR1-HS503-D7ETA1-MNGS1,Betacoronavirus,0.091270514
MVIR1-HS503-D7NAS1-MNGS1,Betacoronavirus,0.048678933
MVIR1-HS504-D4NAS1-MNGS1,Betacoronavirus,5919.832837
MVIR1-HS504-D7NAS1-MNGS1,Betacoronavirus,6346.258936
MVIR1-HS504-D9ETA1-MNGS1,Betacoronavirus,3.432719134
MVIR1-HS506-D0NAS1-MNGS1,Betacoronavirus,271.4931458
MVIR1-HS506-D7ETA1-MNGS1,Betacoronavirus,24.51181766
MVIR1-HS506-D7NAS1-MNGS1,Betacoronavirus,12.67710979
MVIR1-HS507-D0NAS1-MNGS1,Betacoronavirus,74190.29056
MVIR1-HS508-D11ETA1-MNGS1,Betacoronavirus,0.223073016
MVIR1-HS508-D4NAS1-MNGS1,Betacoronavirus,0.189763178
MVIR1-HS51-D10ETA1-MNGS1,Betacoronavirus,0.035360948
MVIR1-HS51-D1ETA1-MNGS1,Betacoronavirus,0.763263334
MVIR1-HS51-D21ETA1-MNGS1,Betacoronavirus,0.075385491
MVIR1-HS51-D22ETA1-MNGS1,Betacoronavirus,0.138674016
MVIR1-HS51-D24ETA1-MNGS1,Betacoronavirus,0.036241129
MVIR1-HS51-D28ETA1-MNGS1,Betacoronavirus,0.081401158
MVIR1-HS51-D6ETA1-MNGS1,Betacoronavirus,0.165890181
MVIR1-HS51-D7ETA1-MNGS1,Betacoronavirus,0.044238026
MVIR1-HS51-D8ETA1-MNGS1,Betacoronavirus,0.078336512
MVIR1-HS51-D9ETA1-MNGS1,Betacoronavirus,0.082741887
MVIR1-HS510-D8ETA1-MNGS1,Betacoronavirus,1.380531964
MVIR1-HS511-D0NAS1-MNGS1,Betacoronavirus,64.30755884
MVIR1-HS511-D14ETA1-MNGS1,Betacoronavirus,197.1156879
MVIR1-HS512-D11ETA1-MNGS1,Betacoronavirus,0.197323454
MVIR1-HS513-D14NAS1-MNGS1,Betacoronavirus,100300.2073
MVIR1-HS513-D22ETA1-MNGS1,Betacoronavirus,61.01926824
MVIR1-HS513-D24ETA1-MNGS1,Betacoronavirus,0.563834287
MVIR1-HS513-D31ETA1-MNGS1,Betacoronavirus,40.98623081
MVIR1-HS513-D4NAS1-MNGS1,Betacoronavirus,6288.731427
MVIR1-HS517-D0NAS1-MNGS1,Betacoronavirus,272.2603119
MVIR1-HS519-D1ETA1-MNGS1,Betacoronavirus,909676.0063
MVIR1-HS519-D4ETA1-MNGS1,Betacoronavirus,23012.10458
MVIR1-HS519-D4NAS1-MNGS1,Betacoronavirus,600.5998088
MVIR1-HS52-D1NAS1-MNGS1,Betacoronavirus,400328.5851
MVIR1-HS521-D3ETA1-MNGS1,Betacoronavirus,15.91242217
MVIR1-HS521-D4NAS1-MNGS1,Betacoronavirus,7.342125395
MVIR1-HS521-D8ETA1-MNGS1,Betacoronavirus,138.4398414
MVIR1-HS523-D11ETA1-MNGS1,Betacoronavirus,0.859729168
MVIR1-HS523-D14NAS1-MNGS1,Betacoronavirus,2.595376077
MVIR1-HS523-D4NAS1-MNGS1,Betacoronavirus,11.05669331
MVIR1-HS523-D9ETA1-MNGS1,Betacoronavirus,0.037455979
MVIR1-HS524-D8ETA1-MNGS1,Betacoronavirus,18.69688194
MVIR1-HS525-D4NAS1-MNGS1,Betacoronavirus,367.0403129
MVIR1-HS526-D0NAS1-MNGS1,Betacoronavirus,734.1609873
MVIR1-HS527-D0NAS1-MNGS1,Betacoronavirus,196.7199691
MVIR1-HS528-D0NAS1-MNGS1,Betacoronavirus,24914.15965
MVIR1-HS53-D0ETA1-MNGS1,Betacoronavirus,2.700604503
MVIR1-HS53-D11ETA1-MNGS1,Betacoronavirus,0.06306986
MVIR1-HS53-D1ETA1-MNGS1,Betacoronavirus,6.602762018
MVIR1-HS53-D2ETA1-MNGS1,Betacoronavirus,3.88047894
MVIR1-HS53-D3ETA1-MNGS1,Betacoronavirus,14.83661118
MVIR1-HS53-D4ETA1-MNGS1,Betacoronavirus,0.09550817
MVIR1-HS53-D7ETA1-MNGS2,Betacoronavirus,0.040437461
MVIR1-HS53-D8ETA1-MNGS1,Betacoronavirus,0.134403562
MVIR1-HS531-D0NAS1-MNGS1,Betacoronavirus,0.980942628
MVIR1-HS531-D4NAS1-MNGS1,Betacoronavirus,0.118110559
MVIR1-HS533-D0NAS1-MNGS1,Betacoronavirus,2147.407634
MVIR1-HS536-D0NAS1-MNGS1,Betacoronavirus,86602.28471
MVIR1-HS537-D14NAS1-MNGS1,Betacoronavirus,0.112774586
MVIR1-HS537-D4NAS1-MNGS1,Betacoronavirus,0.074549629
MVIR1-HS544-D4NAS1-MNGS1,Betacoronavirus,312.0273043
MVIR1-HS545-D0NAS1-MNGS1,Betacoronavirus,16341.32927
MVIR1-HS545-D4NAS1-MNGS1,Betacoronavirus,0.887780219
MVIR1-HS545-D7ETA1-MNGS1,Betacoronavirus,749.7656536
MVIR1-HS545-D7NAS1-MNGS1,Betacoronavirus,475.7036882
MVIR1-HS546-D14NAS1-MNGS1,Betacoronavirus,65.07579269
MVIR1-HS546-D1ETA1-MNGS1,Betacoronavirus,56645.82746
MVIR1-HS548-D1ETA1-MNGS1,Betacoronavirus,529.6554107
MVIR1-HS548-D6ETA1-MNGS1,Betacoronavirus,130.0836107
MVIR1-HS55-D12ETA1-MNGS1,Betacoronavirus,2.10116169
MVIR1-HS55-D13ETA1-MNGS1,Betacoronavirus,36.50713409
MVIR1-HS55-D14ETA1-MNGS1,Betacoronavirus,28.75354618
MVIR1-HS55-D15ETA1-MNGS1,Betacoronavirus,44.49885819
MVIR1-HS55-D19ETA1-MNGS1,Betacoronavirus,0.786220426
MVIR1-HS55-D20ETA1-MNGS1,Betacoronavirus,1.56105551
MVIR1-HS55-D21ETA1-MNGS1,Betacoronavirus,4.460717111
MVIR1-HS55-D23ETA1-MNGS1,Betacoronavirus,2.121200929
MVIR1-HS55-D27ETA1-MNGS1,Betacoronavirus,5.936922637
MVIR1-HS55-D5ETA1-MNGS1,Betacoronavirus,2120.364557
MVIR1-HS55-D6ETA1-MNGS1,Betacoronavirus,1596.846874
MVIR1-HS55-D7ETA1-MNGS1,Betacoronavirus,406.6962299
MVIR1-HS55-D8ETA1-MNGS1,Betacoronavirus,218.454993
MVIR1-HS55-D9ETA1-MNGS1,Betacoronavirus,215.679395
MVIR1-HS551-D0NAS1-MNGS1,Betacoronavirus,1825.2063
MVIR1-HS552-D7NAS1-MNGS1,Betacoronavirus,1.153050153
MVIR1-HS553-D0NAS1-MNGS1,Betacoronavirus,3.650353967
MVIR1-HS59-D0ETA1-MNGS1,Betacoronavirus,4310.856481
MVIR1-HS59-D13ETA1-MNGS1,Betacoronavirus,92.26356505
MVIR1-HS59-D14ETA1-MNGS1,Betacoronavirus,7.567300936
MVIR1-HS59-D15ETA1-MNGS1,Betacoronavirus,3.240612595
MVIR1-HS59-D16ETA1-MNGS1,Betacoronavirus,6.605900619
MVIR1-HS59-D17ETA1-MNGS1,Betacoronavirus,4.831186414
MVIR1-HS59-D1ETA1-MNGS1,Betacoronavirus,5502.175322
MVIR1-HS59-D23ETA1-MNGS1,Betacoronavirus,428.8939495
MVIR1-HS59-D27ETA1-MNGS1,Betacoronavirus,8.21559716
MVIR1-HS59-D28ETA1-MNGS1,Betacoronavirus,3.078158162
MVIR1-HS59-D29ETA1-MNGS1,Betacoronavirus,6.920543095
MVIR1-HS59-D2ETA1-MNGS1,Betacoronavirus,1304.219252
MVIR1-HS59-D3ETA1-MNGS1,Betacoronavirus,19863.70261
MVIR1-HS59-D7ETA1-MNGS1,Betacoronavirus,4059.348755
MVIR1-HS59-D8ETA1-MNGS1,Betacoronavirus,7987.939834
MVIR1-HS6-D0NAS1-MNGS1,Betacoronavirus,63793.98916
MVIR1-HS61-D1ETA1-MNGS1,Betacoronavirus,0.154652978
MVIR1-HS7-D0NAS1-MNGS1,Betacoronavirus,33.69599667
MVIR1-HS72-D0ETA1-MNGS1,Betacoronavirus,123.0535466
MVIR1-HS72-D11ETA1-MNGS1,Betacoronavirus,0.089871985
MVIR1-HS72-D14ETA1-MNGS1,Betacoronavirus,0.068494591
MVIR1-HS72-D15ETA1-MNGS1,Betacoronavirus,0.026192897
MVIR1-HS72-D16ETA1-MNGS1,Betacoronavirus,0.042330667
MVIR1-HS72-D17ETA1-MNGS1,Betacoronavirus,0.057664099
MVIR1-HS72-D1ETA1-MNGS1,Betacoronavirus,6.360121272
MVIR1-HS72-D3ETA1-MNGS1,Betacoronavirus,0.143632877
MVIR1-HS72-D4ETA1-MNGS1,Betacoronavirus,0.310082458
MVIR1-HS72-D5ETA1-MNGS1,Betacoronavirus,0.202015868
MVIR1-HS72-D7ETA1-MNGS1,Betacoronavirus,0.052981629
MVIR1-HS72-D8ETA1-MNGS1,Betacoronavirus,0.080243977
MVIR1-HS72-D9ETA1-MNGS1,Betacoronavirus,0.066396219
MVIR1-HS77-D0ETA1-MNGS1,Betacoronavirus,11.5119469
MVIR1-HS77-D5ETA1-MNGS1,Betacoronavirus,0.320098243
MVIR1-HS77-D6ETA1-MNGS1,Betacoronavirus,836.9905003
MVIR1-HS77-D7ETA1-MNGS1,Betacoronavirus,92634.01843
MVIR1-HS78-D10ETA1-MNGS1,Betacoronavirus,0.098114345
MVIR1-HS78-D11ETA1-MNGS1,Betacoronavirus,0.282670867
MVIR1-HS78-D13ETA1-MNGS1,Betacoronavirus,0.040485455
MVIR1-HS78-D1ETA1-MNGS1,Betacoronavirus,87.63635431
MVIR1-HS78-D2ETA1-MNGS1,Betacoronavirus,11.36585235
MVIR1-HS78-D3ETA1-MNGS1,Betacoronavirus,98.66109572
MVIR1-HS78-D4ETA1-MNGS1,Betacoronavirus,93.20993303
MVIR1-HS78-D6ETA1-MNGS1,Betacoronavirus,7.439362223
MVIR1-HS89-D0ETA1-MNGS1,Betacoronavirus,1.698899147
MVIR1-HS89-D12ETA1-MNGS1,Betacoronavirus,1368.340572
MVIR1-HS89-D13ETA1-MNGS1,Betacoronavirus,27.87704385
MVIR1-HS89-D1ETA1-MNGS1,Betacoronavirus,38072.10846
MVIR1-HS89-D2ETA1-MNGS1,Betacoronavirus,60492.5214
MVIR1-HS89-D6ETA1-MNGS1,Betacoronavirus,797.3823399
MVIR1-HS89-D8ETA1-MNGS1,Betacoronavirus,2063.506877
MVIR1-HS94-D0ETA1-MNGS1,Betacoronavirus,0.140419974
MVIR1-HS94-D12ETA1-MNGS1,Betacoronavirus,0.045642684
MVIR1-HS94-D15ETA1-MNGS1,Betacoronavirus,0.04425522
MVIR1-HS94-D17ETA1-MNGS1,Betacoronavirus,0.084840137
MVIR1-HS94-D18ETA1-MNGS1,Betacoronavirus,0.054693917
MVIR1-HS94-D19ETA1-MNGS1,Betacoronavirus,0.121335008
MVIR1-HS94-D2ETA1-MNGS1,Betacoronavirus,0.284958799
MVIR1-HS94-D4ETA1-MNGS1,Betacoronavirus,0.047017404
MVIR1-HS94-D5ETA1-MNGS1,Betacoronavirus,0.12908618
MVIR1-HS94-D6ETA1-MNGS1,Betacoronavirus,0.081231034
MVIR1-HS94-D9ETA1-MNGS1,Betacoronavirus,0.030946307
MVIR1-HS95-D0NAS1-MNGS1,Betacoronavirus,0.4716247
MVIR1-HS97-D10ETA1-MNGS1,Betacoronavirus,0.049804299
MVIR1-HS97-D11ETA1-MNGS1,Betacoronavirus,0.539503673
MVIR1-HS97-D13ETA1-MNGS1,Betacoronavirus,0.456235154
MVIR1-HS97-D8ETA1-MNGS1,Betacoronavirus,2.299245581
MVIR1-HS97-D9ETA1-MNGS1,Betacoronavirus,1.417446498
MVIR1-HS102-D7NAS1-MNGS1,Betacoronavirus,0.066919751
MVIR1-HS105-D7NAS1-MNGS1,Betacoronavirus,58.87798468
MVIR1-HS129-D0NAS1-MNGS1,Betacoronavirus,402.7236015
MVIR1-HS140-D0NAS1-MNGS1,Betacoronavirus,0.980669052
MVIR1-HS149-D14NAS1-MNGS1,Betacoronavirus,0.347781836
MVIR1-HS154-D21NAS1-MNGS1,Betacoronavirus,4.929797672
MVIR1-HS154-D28NAS1-MNGS1,Betacoronavirus,0.04018785
MVIR1-HS156-D1ETA1-MNGS1,Betacoronavirus,5.547437211
MVIR1-HS156-DN1ETA1-MNGS1,Betacoronavirus,0.780866746
MVIR1-HS161-D7NAS1-MNGS1,Betacoronavirus,1.042779036
MVIR1-HS162-D0ETA1-MNGS1,Betacoronavirus,22282.37835
MVIR1-HS162-D11ETA1-MNGS1,Betacoronavirus,274504.3525
MVIR1-HS162-D16ETA1-MNGS1,Betacoronavirus,63.14757985
MVIR1-HS162-D17ETA1-MNGS1,Betacoronavirus,259.6786004
MVIR1-HS162-D21ETA1-MNGS1,Betacoronavirus,62.01849787
MVIR1-HS162-D21NAS1-MNGS1,Betacoronavirus,0.053591158
MVIR1-HS165-D10ETA1-MNGS1,Betacoronavirus,212.6684609
MVIR1-HS165-D12ETA1-MNGS1,Betacoronavirus,106.8974531
MVIR1-HS168-D4NAS1-MNGS1,Betacoronavirus,0.175831393
MVIR1-HS172-D4NAS1-MNGS1,Betacoronavirus,374.8330798
MVIR1-HS172-D7ETA1-MNGS1,Betacoronavirus,242.6190968
MVIR1-HS172-D8ETA1-MNGS1,Betacoronavirus,1555.579541
MVIR1-HS176-D4NAS1-MNGS1,Betacoronavirus,161.9305238
MVIR1-HS178-D0NAS1-MNGS1,Betacoronavirus,5324.538522
MVIR1-HS178-D13ETA1-MNGS1,Betacoronavirus,410.5698158
MVIR1-HS178-D21NAS1-MNGS1,Betacoronavirus,0.829264099
MVIR1-HS178-D3ETA1-MNGS1,Betacoronavirus,56549.35084
MVIR1-HS178-D4ETA1-MNGS1,Betacoronavirus,20955.70445
MVIR1-HS182-D14NAS1-MNGS1,Betacoronavirus,67.61657326
MVIR1-HS182-D21NAS1-MNGS1,Betacoronavirus,0.133095642
MVIR1-HS185-D1ETA1-MNGS1,Betacoronavirus,6351.096325
MVIR1-HS185-D4ETA1-MNGS1,Betacoronavirus,6.420592503
MVIR1-HS185-D7NAS1-MNGS1,Betacoronavirus,9.06200997
MVIR1-HS187-D14NAS1-MNGS1,Betacoronavirus,0.612641513
MVIR1-HS187-D7NAS1-MNGS1,Betacoronavirus,41.45513631
MVIR1-HS188-D14ETA1-MNGS1,Betacoronavirus,29.56434617
MVIR1-HS188-D1NAS1-MNGS1,Betacoronavirus,129.9385688
MVIR1-HS188-D4NAS1-MNGS1,Betacoronavirus,3.144737577
MVIR1-HS193-D0NAS1-MNGS2,Betacoronavirus,1.547399467
MVIR1-HS193-D4NAS1-MNGS1,Betacoronavirus,0.535520105
MVIR1-HS194-D0NAS1-MNGS2,Betacoronavirus,13.41112357
MVIR1-HS196-D29ETA1-MNGS3,Betacoronavirus,0.041943391
MVIR1-HS197-D4NAS1-MNGS1,Betacoronavirus,0.01334072
MVIR1-HS197-D7NAS1-MNGS1,Betacoronavirus,0.01341649
MVIR1-HS204-D7NAS1-MNGS1,Betacoronavirus,149.8893111
MVIR1-HS206-D0NAS1-MNGS1,Betacoronavirus,7.805657832
MVIR1-HS213-D0NAS1-MNGS1,Betacoronavirus,555.8435308
MVIR1-HS214-D0NAS1-MNGS1,Betacoronavirus,39.21940616
MVIR1-HS215-D0NAS1-MNGS1,Betacoronavirus,7965.526192
MVIR1-HS216-D0NAS1-MNGS1,Betacoronavirus,21.42478621
MVIR1-HS217-D0NAS1-MNGS1,Betacoronavirus,34926.49323
MVIR1-HS217-D7NAS1-MNGS1,Betacoronavirus,13284.86535
MVIR1-HS218-D0NAS1-MNGS1,Betacoronavirus,3081.556119
MVIR1-HS218-D7NAS1-MNGS1,Betacoronavirus,7.921289548
MVIR1-HS229-D4NAS1-MNGS1,Betacoronavirus,0.739136829
MVIR1-HS231-D0NAS1-MNGS1,Betacoronavirus,5.423288977
MVIR1-HS231-D4ETA1-MNGS1,Betacoronavirus,0.918331001
MVIR1-HS231-D7NAS1-MNGS1,Betacoronavirus,1.033904889
MVIR1-HS232-D0NAS1-MNGS1,Betacoronavirus,42.11993263
MVIR1-HS233-D0ETA1-MNGS1,Betacoronavirus,3.844180572
MVIR1-HS234-D6ETA1-MNGS1,Betacoronavirus,0.174224807
MVIR1-HS236-D4NAS1-MNGS1,Betacoronavirus,76.35042771
MVIR1-HS238-D7NAS1-MNGS1,Betacoronavirus,1.893831944
MVIR1-HS238-DN1ETA1-MNGS1,Betacoronavirus,80.64601171
MVIR1-HS242-D4NAS1-MNGS1,Betacoronavirus,0.026825988
MVIR1-HS243-D7NAS1-MNGS1,Betacoronavirus,4.42714218
MVIR1-HS244-D0NAS1-MNGS1,Betacoronavirus,8694.405685
MVIR1-HS244-D7ETA1-MNGS1,Betacoronavirus,1.196603827
MVIR1-HS248-D0NAS1-MNGS1,Betacoronavirus,50.08505836
MVIR1-HS248-D4NAS1-MNGS1,Betacoronavirus,14.30678293
MVIR1-HS25-D1NAS1-MNGS1,Betacoronavirus,73.50031172
MVIR1-HS250-D0NAS1-MNGS1,Betacoronavirus,339.1445752
MVIR1-HS250-D11ETA1-MNGS2,Betacoronavirus,0.013421873
MVIR1-HS250-D13ETA1-MNGS2,Betacoronavirus,2.351647867
MVIR1-HS253-D0NAS1-MNGS1,Betacoronavirus,1.056390923
MVIR1-HS253-D1ETA1-MNGS1,Betacoronavirus,133.4813083
MVIR1-HS253-D2ETA1-MNGS1,Betacoronavirus,7.89635866
MVIR1-HS253-D7ETA1-MNGS1,Betacoronavirus,0.053333434
MVIR1-HS254-D10ETA1-MNGS1,Betacoronavirus,0.727682786
MVIR1-HS254-D28NAS1-MNGS1,Betacoronavirus,0.027138247
MVIR1-HS254-D4NAS1-MNGS1,Betacoronavirus,3.038827939
MVIR1-HS264-D12ETA1-MNGS1,Betacoronavirus,0.256890402
MVIR1-HS265-D0NAS1-MNGS1,Betacoronavirus,521.0385236
MVIR1-HS271-D10ETA1-MNGS1,Betacoronavirus,0.186666719
MVIR1-HS271-D12ETA1-MNGS1,Betacoronavirus,0.069092884
MVIR1-HS271-D9ETA1-MNGS1,Betacoronavirus,0.154784698
MVIR1-HS276-D15ETA1-MNGS1,Betacoronavirus,0.500722339
MVIR1-HS276-D18ETA1-MNGS1,Betacoronavirus,0.027464464
MVIR1-HS276-D2ETA1-MNGS1,Betacoronavirus,9.842897118
MVIR1-HS276-D5ETA1-MNGS1,Betacoronavirus,0.569480911
MVIR1-HS276-D8ETA1-MNGS1,Betacoronavirus,2.845820337
MVIR1-HS276-DN1ETA1-MNGS1,Betacoronavirus,180.7874621
MVIR1-HS285-D13ETA1-MNGS1,Betacoronavirus,0.218076692
MVIR1-HS290-D7ETA1-MNGS1,Betacoronavirus,2404.421761
MVIR1-HS291-D7NAS1-MNGS1,Betacoronavirus,13.35535456
MVIR1-HS292-D25ETA1-MNGS1,Betacoronavirus,0.014781634
MVIR1-HS292-D27ETA1-MNGS1,Betacoronavirus,0.056525863
MVIR1-HS31-D30ETA1-MNGS1,Betacoronavirus,0.026820933
MVIR1-HS320-D13ETA1-MNGS1,Betacoronavirus,14.52659914
MVIR1-HS320-D6ETA1-MNGS1,Betacoronavirus,1463.16349
MVIR1-HS325-D2ETA1-MNGS1,Betacoronavirus,0.043393917
MVIR1-HS340-D1ETA1-MNGS1,Betacoronavirus,39249.52367
MVIR1-HS342-D4ETA1-MNGS1,Betacoronavirus,0.030627665
MVIR1-HS354-D1ETA1-MNGS1,Betacoronavirus,0.044641933
MVIR1-HS357-D10ETA1-MNGS2,Betacoronavirus,0.506752436
MVIR1-HS357-D16ETA1-MNGS1,Betacoronavirus,8.448589458
MVIR1-HS357-D21ETA1-MNGS1,Betacoronavirus,0.626292129
MVIR1-HS357-D28NAS1-MNGS1,Betacoronavirus,2.233475204
MVIR1-HS357-D2ETA1-MNGS1,Betacoronavirus,420.2867358
MVIR1-HS357-D3ETA1-MNGS2,Betacoronavirus,471.0583678
MVIR1-HS357-D7NAS1-MNGS1,Betacoronavirus,38.2887591
MVIR1-HS360-D0ETA1-MNGS1,Betacoronavirus,0.013683075
MVIR1-HS365-D0ETA1-MNGS1,Betacoronavirus,0.014231382
MVIR1-HS374-D11ETA1-MNGS1,Betacoronavirus,551500.2153
MVIR1-HS383-D4NAS1-MNGS1,Betacoronavirus,0.413344913
MVIR1-HS384-D0NAS1-MNGS1,Betacoronavirus,0.466684898
MVIR1-HS387-D0NAS1-MNGS1,Betacoronavirus,3.426970342
MVIR1-HS398-D4NAS1-MNGS1,Betacoronavirus,19.28665823
MVIR1-HS403-D2ETA1-MNGS1,Betacoronavirus,26.2973431
MVIR1-HS404-D14ETA1-MNGS1,Betacoronavirus,516.6370391
MVIR1-HS404-D16ETA1-MNGS1,Betacoronavirus,623.4788826
MVIR1-HS414-D4NAS1-MNGS1,Betacoronavirus,11467.90474
MVIR1-HS414-D7NAS1-MNGS1,Betacoronavirus,490.4192065
MVIR1-HS435-D7NAS1-MNGS1,Betacoronavirus,0.360103297
MVIR1-HS437-D4NAS1-MNGS1,Betacoronavirus,3.080161688
MVIR1-HS438-D4NAS1-MNGS1,Betacoronavirus,2.493387357
MVIR1-HS441-D17ETA1-MNGS1,Betacoronavirus,0.343839211
MVIR1-HS441-D7NAS1-MNGS1,Betacoronavirus,265.8190774
MVIR1-HS447-D2ETA1-MNGS1,Betacoronavirus,0.013706797
MVIR1-HS453-D4NAS1-MNGS1,Betacoronavirus,110.4451112
MVIR1-HS471-D7NAS1-MNGS1,Betacoronavirus,0.348470541
MVIR1-HS473-D0NAS1-MNGS1,Betacoronavirus,2040.773249
MVIR1-HS474-D0NAS1-MNGS1,Betacoronavirus,107.986368
MVIR1-HS487-D0NAS1-MNGS1,Betacoronavirus,2580.10339
MVIR1-HS493-D0NAS1-MNGS1,Betacoronavirus,6044.444038
MVIR1-HS494-D4ETA1-MNGS1,Betacoronavirus,2.510287781
MVIR1-HS496-D0NAS1-MNGS1,Betacoronavirus,4.79884973
MVIR1-HS498-D0NAS1-MNGS1,Betacoronavirus,2718.084589
MVIR1-HS498-D4NAS1-MNGS1,Betacoronavirus,991.2343221
MVIR1-HS498-D6ETA1-MNGS1,Betacoronavirus,1118.077219
MVIR1-HS499-D0NAS1-MNGS1,Betacoronavirus,7108.905153
MVIR1-HS499-D6ETA1-MNGS1,Betacoronavirus,2145.660966
MVIR1-HS503-D0NAS1-MNGS1,Betacoronavirus,0.693380465
MVIR1-HS503-D4ETA1-MNGS1,Betacoronavirus,0.268247032
MVIR1-HS504-D14NAS1-MNGS1,Betacoronavirus,7.280642929
MVIR1-HS507-D7ETA1-MNGS1,Betacoronavirus,1401.433635
MVIR1-HS508-D0NAS1-MNGS1,Betacoronavirus,6314.856775
MVIR1-HS510-D0NAS1-MNGS1,Betacoronavirus,90.57632306
MVIR1-HS510-D4NAS1-MNGS1,Betacoronavirus,1528.635696
MVIR1-HS510-D7NAS1-MNGS1,Betacoronavirus,635.0175556
MVIR1-HS511-D14NAS1-MNGS1,Betacoronavirus,0.080000486
MVIR1-HS511-D4NAS1-MNGS1,Betacoronavirus,38.88088774
MVIR1-HS513-D7NAS1-MNGS1,Betacoronavirus,226250.7549
MVIR1-HS519-D14NAS1-MNGS1,Betacoronavirus,360.1840065
MVIR1-HS520-D0NAS1-MNGS1,Betacoronavirus,0.053334455
MVIR1-HS523-D0NAS1-MNGS1,Betacoronavirus,46.74869085
MVIR1-HS525-D7NAS1-MNGS1,Betacoronavirus,1427.924909
MVIR1-HS526-D4NAS1-MNGS1,Betacoronavirus,0.013333498
MVIR1-HS542-D1ETA1-MNGS1,Betacoronavirus,2406.17365
MVIR1-HS548-D4NAS1-MNGS1,Betacoronavirus,926.299993
MVIR1-HS55-D22ETA1-MNGS1,Betacoronavirus,2.754303045
MVIR1-HS556-D1ETA1-MNGS1,Betacoronavirus,87480.16551
MVIR1-HS556-D4NAS1-MNGS1,Betacoronavirus,13.60871454
MVIR1-HS557-D0NAS1-MNGS1,Betacoronavirus,129.154699
MVIR1-HS78-D0ETA1-MNGS1,Betacoronavirus,59.53333641
MVIR1-HS89-D14NAS1-MNGS1,Betacoronavirus,28983.7089